url,file,category,issue
/Capabilities,Capabilities.html,Accessibility,Image missing alt text: https://res.cloudinary.com/dden4hawr/image/upload/v1778645514/12_fqkmxq.png
/Capabilities,Capabilities.html,Accessibility,Image missing alt text: https://res.cloudinary.com/dden4hawr/image/upload/v1778645515/13_otvcxp.png
/Capabilities,Capabilities.html,Accessibility,Image missing alt text: https://res.cloudinary.com/dden4hawr/image/upload/v1778645514/14_vsqdxw.png
/Capabilities,Capabilities.html,Accessibility,Image missing alt text: https://res.cloudinary.com/dden4hawr/image/upload/v1777869311/Dynatrace_1_t3ayxc.png
/Capabilities,Capabilities.html,Accessibility,Image missing alt text: https://res.cloudinary.com/dden4hawr/image/upload/v1777869312/ServiceNow_1_plissc.png
/Capabilities,Capabilities.html,Accessibility,Image missing alt text: https://res.cloudinary.com/dden4hawr/image/upload/v1777869312/Boomi_1_kvrpcd.png
/Capabilities,Capabilities.html,Accessibility,Image missing alt text: https://res.cloudinary.com/dden4hawr/image/upload/v1777869311/GuideWire_logo_color_1_whi7lu.png
/Capabilities,Capabilities.html,Accessibility,Image missing alt text: https://res.cloudinary.com/dden4hawr/image/upload/v1777869312/RingCentral_1_zjcj4f.png
/Capabilities,Capabilities.html,Accessibility,Image missing alt text: https://res.cloudinary.com/dden4hawr/image/upload/v1777869312/Informatica_1_gkhjs0.png
/Capabilities,Capabilities.html,Accessibility,Image missing alt text: https://res.cloudinary.com/dden4hawr/image/upload/v1778646704/7_vmwgl8.png
/Capabilities,Capabilities.html,Accessibility,Image missing alt text: https://res.cloudinary.com/dden4hawr/image/upload/v1778646705/8_tdax9f.png
/Capabilities,Capabilities.html,Accessibility,Image missing alt text: https://res.cloudinary.com/dden4hawr/image/upload/v1778646698/9_kwym5i.png
/Capabilities,Capabilities.html,Accessibility,Image missing alt text: ${d.imgs.p1}
/Capabilities,Capabilities.html,Accessibility,Image missing alt text: ${d.imgs.p2}
/Capabilities,Capabilities.html,Accessibility,Image missing alt text: ${d.imgs.shield}
/Capabilities,Capabilities.html,Accessibility,Image missing alt text: ${d.imgs.dash}
/Our_Focus,Our_Focus.html,Accessibility,Image missing alt text: https://res.cloudinary.com/dden4hawr/image/upload/v1778616276/9_sg1ssf.png
/Our_Focus,Our_Focus.html,Accessibility,Image missing alt text: https://res.cloudinary.com/dden4hawr/image/upload/v1778616276/10_vklfrz.png
/Our_Focus,Our_Focus.html,Accessibility,Image missing alt text: https://res.cloudinary.com/dden4hawr/image/upload/v1778616276/11_ojaddh.png
/Our_Focus,Our_Focus.html,Accessibility,Image missing alt text: https://res.cloudinary.com/dden4hawr/image/upload/v1778615984/1_rsqe5e.png
/Our_Focus,Our_Focus.html,Accessibility,Image missing alt text: https://res.cloudinary.com/dden4hawr/image/upload/v1778615985/2_rqynuj.png
/Our_Focus,Our_Focus.html,Accessibility,Image missing alt text: https://res.cloudinary.com/dden4hawr/image/upload/v1778615983/3_gt3g7i.png
/Our_Focus,Our_Focus.html,Accessibility,Image missing alt text: https://res.cloudinary.com/dden4hawr/image/upload/v1777869311/Dynatrace_1_t3ayxc.png
/Our_Focus,Our_Focus.html,Accessibility,Image missing alt text: https://res.cloudinary.com/dden4hawr/image/upload/v1777869312/ServiceNow_1_plissc.png
/Our_Focus,Our_Focus.html,Accessibility,Image missing alt text: https://res.cloudinary.com/dden4hawr/image/upload/v1777869312/Boomi_1_kvrpcd.png
/Our_Focus,Our_Focus.html,Accessibility,Image missing alt text: https://res.cloudinary.com/dden4hawr/image/upload/v1777869311/GuideWire_logo_color_1_whi7lu.png
/Our_Focus,Our_Focus.html,Accessibility,Image missing alt text: https://res.cloudinary.com/dden4hawr/image/upload/v1777869312/RingCentral_1_zjcj4f.png
/Our_Focus,Our_Focus.html,Accessibility,Image missing alt text: https://res.cloudinary.com/dden4hawr/image/upload/v1777869312/Informatica_1_gkhjs0.png
/Our_Focus,Our_Focus.html,Accessibility,Image missing alt text: https://res.cloudinary.com/dden4hawr/image/upload/v1778614980/4_ywqbo9.png
/Our_Focus,Our_Focus.html,Accessibility,Image missing alt text: https://res.cloudinary.com/dden4hawr/image/upload/v1778614983/5_eokkdp.png
/Our_Focus,Our_Focus.html,Accessibility,Image missing alt text: https://res.cloudinary.com/dden4hawr/image/upload/v1778614981/6_xp1ryj.png
/Solutions,Solutions.html,SEO,Missing meta description
/Solutions,Solutions.html,Accessibility,Image missing alt text: https://res.cloudinary.com/dden4hawr/image/upload/v1778577642/e635f926-6c6b-4155-928d-bdf0cb79d91a_y
/Solutions,Solutions.html,Accessibility,Image missing alt text: https://res.cloudinary.com/dden4hawr/image/upload/v1778579833/5_ohhyvq.png
/Solutions,Solutions.html,Accessibility,Image missing alt text: https://res.cloudinary.com/dden4hawr/image/upload/v1778579833/6_hfcvls.png
/Solutions,Solutions.html,Accessibility,Image missing alt text: https://res.cloudinary.com/dden4hawr/image/upload/v1778579832/7_qpjayv.png
/Solutions,Solutions.html,Accessibility,Image missing alt text: https://res.cloudinary.com/dden4hawr/image/upload/v1778585914/1_hkqc4o.jpg
/Solutions,Solutions.html,Accessibility,Image missing alt text: https://res.cloudinary.com/dden4hawr/image/upload/v1778585913/2_sniefj.jpg
/Solutions,Solutions.html,Accessibility,Image missing alt text: https://res.cloudinary.com/dden4hawr/image/upload/v1778585914/3_oi980a.jpg
/Solutions,Solutions.html,Accessibility,Image missing alt text: https://res.cloudinary.com/dden4hawr/image/upload/v1777869311/Dynatrace_1_t3ayxc.png
/Solutions,Solutions.html,Accessibility,Image missing alt text: https://res.cloudinary.com/dden4hawr/image/upload/v1777869312/ServiceNow_1_plissc.png
/Solutions,Solutions.html,Accessibility,Image missing alt text: https://res.cloudinary.com/dden4hawr/image/upload/v1777869312/Boomi_1_kvrpcd.png
/Solutions,Solutions.html,Accessibility,Image missing alt text: https://res.cloudinary.com/dden4hawr/image/upload/v1777869311/GuideWire_logo_color_1_whi7lu.png
/Solutions,Solutions.html,Accessibility,Image missing alt text: https://res.cloudinary.com/dden4hawr/image/upload/v1777869312/RingCentral_1_zjcj4f.png
/Solutions,Solutions.html,Accessibility,Image missing alt text: https://res.cloudinary.com/dden4hawr/image/upload/v1777869312/Informatica_1_gkhjs0.png
/Solutions,Solutions.html,Accessibility,Image missing alt text: https://res.cloudinary.com/dden4hawr/image/upload/v1778587408/1_d2ouxt.jpg
/Solutions,Solutions.html,Accessibility,Image missing alt text: https://res.cloudinary.com/dden4hawr/image/upload/v1778587414/3_lwxxsk.jpg
/Solutions,Solutions.html,Accessibility,Image missing alt text: https://res.cloudinary.com/dden4hawr/image/upload/v1778587408/2_jp1pcn.jpg
/about/who-we-are,about/who-we-are/index.html,SEO,Missing meta description
/about-leadership,about-leadership/index.html,SEO,Missing meta description
/about,about.html,SEO,Missing meta description
/ai-adoption,ai-adoption.html,Accessibility,Image missing alt text: https://res.cloudinary.com/dden4hawr/image/upload/v1779989036/31_qlbnw3.png
/ai-adoption,ai-adoption.html,Accessibility,Image missing alt text: https://res.cloudinary.com/dden4hawr/image/upload/v1779989036/32_yii8gx.png
/ai-adoption,ai-adoption.html,Accessibility,Image missing alt text: https://res.cloudinary.com/dden4hawr/image/upload/v1779989037/33_wm6lv1.png
/ai-adoption,ai-adoption.html,Accessibility,Image missing alt text: https://res.cloudinary.com/dden4hawr/image/upload/v1779989575/18_bzeen4.png
/ai-adoption,ai-adoption.html,Accessibility,Image missing alt text: https://res.cloudinary.com/dden4hawr/image/upload/v1779989575/17_ssgwl4.png
/ai-adoption,ai-adoption.html,Accessibility,Image missing alt text: https://res.cloudinary.com/dden4hawr/image/upload/v1779989575/16_ya8u5c.png
/ai-adoption,ai-adoption.html,Accessibility,Image missing alt text: https://res.cloudinary.com/dden4hawr/image/upload/v1777869311/Dynatrace_1_t3ayxc.png
/ai-adoption,ai-adoption.html,Accessibility,Image missing alt text: https://res.cloudinary.com/dden4hawr/image/upload/v1777869312/ServiceNow_1_plissc.png
/ai-adoption,ai-adoption.html,Accessibility,Image missing alt text: https://res.cloudinary.com/dden4hawr/image/upload/v1777869312/Boomi_1_kvrpcd.png
/ai-adoption,ai-adoption.html,Accessibility,Image missing alt text: https://res.cloudinary.com/dden4hawr/image/upload/v1777869311/GuideWire_logo_color_1_whi7lu.png
/ai-adoption,ai-adoption.html,Accessibility,Image missing alt text: https://res.cloudinary.com/dden4hawr/image/upload/v1777869312/RingCentral_1_zjcj4f.png
/ai-adoption,ai-adoption.html,Accessibility,Image missing alt text: https://res.cloudinary.com/dden4hawr/image/upload/v1777869312/Informatica_1_gkhjs0.png
/ai-adoption,ai-adoption.html,Accessibility,Image missing alt text: https://res.cloudinary.com/dden4hawr/image/upload/v1779991297/13_zi7wmp.png
/ai-adoption,ai-adoption.html,Accessibility,Image missing alt text: https://res.cloudinary.com/dden4hawr/image/upload/v1779991296/14_hhdqh7.png
/ai-adoption,ai-adoption.html,Accessibility,Image missing alt text: https://res.cloudinary.com/dden4hawr/image/upload/v1779991300/15_sfz534.png
/ai-and-data,ai-and-data.html,Accessibility,Image missing alt text: https://res.cloudinary.com/dden4hawr/image/upload/v1779994286/34_ncgiuz.png
/ai-and-data,ai-and-data.html,Accessibility,Image missing alt text: https://res.cloudinary.com/dden4hawr/image/upload/v1779994287/35_wa7bjj.png
/ai-and-data,ai-and-data.html,Accessibility,Image missing alt text: https://res.cloudinary.com/dden4hawr/image/upload/v1779994287/36_q8jhwq.png
/ai-and-data,ai-and-data.html,Accessibility,Image missing alt text: https://res.cloudinary.com/dden4hawr/image/upload/v1778646704/7_vmwgl8.png
/ai-and-data,ai-and-data.html,Accessibility,Image missing alt text: https://res.cloudinary.com/dden4hawr/image/upload/v1778646705/8_tdax9f.png
/ai-and-data,ai-and-data.html,Accessibility,Image missing alt text: https://res.cloudinary.com/dden4hawr/image/upload/v1778646698/9_kwym5i.png
/ai-and-data,ai-and-data.html,Accessibility,Image missing alt text: ${d.imgs.p1}
/ai-and-data,ai-and-data.html,Accessibility,Image missing alt text: ${d.imgs.p2}
/ai-and-data,ai-and-data.html,Accessibility,Image missing alt text: ${d.imgs.shield}
/ai-and-data,ai-and-data.html,Accessibility,Image missing alt text: ${d.imgs.dash}
/ai-first-digital-engineering,ai-first-digital-engineering.html,Accessibility,Image missing alt text: https://res.cloudinary.com/dden4hawr/image/upload/v1778616276/9_sg1ssf.png
/ai-first-digital-engineering,ai-first-digital-engineering.html,Accessibility,Image missing alt text: https://res.cloudinary.com/dden4hawr/image/upload/v1778616276/10_vklfrz.png
/ai-first-digital-engineering,ai-first-digital-engineering.html,Accessibility,Image missing alt text: https://res.cloudinary.com/dden4hawr/image/upload/v1778616276/11_ojaddh.png
/ai-first-digital-engineering,ai-first-digital-engineering.html,Accessibility,Image missing alt text: https://res.cloudinary.com/dden4hawr/image/upload/v1778615984/1_rsqe5e.png
/ai-first-digital-engineering,ai-first-digital-engineering.html,Accessibility,Image missing alt text: https://res.cloudinary.com/dden4hawr/image/upload/v1778615985/2_rqynuj.png
/ai-first-digital-engineering,ai-first-digital-engineering.html,Accessibility,Image missing alt text: https://res.cloudinary.com/dden4hawr/image/upload/v1778615983/3_gt3g7i.png
/ai-first-digital-engineering,ai-first-digital-engineering.html,Accessibility,Image missing alt text: https://res.cloudinary.com/dden4hawr/image/upload/v1777869311/Dynatrace_1_t3ayxc.png
/ai-first-digital-engineering,ai-first-digital-engineering.html,Accessibility,Image missing alt text: https://res.cloudinary.com/dden4hawr/image/upload/v1777869312/ServiceNow_1_plissc.png
/ai-first-digital-engineering,ai-first-digital-engineering.html,Accessibility,Image missing alt text: https://res.cloudinary.com/dden4hawr/image/upload/v1777869312/Boomi_1_kvrpcd.png
/ai-first-digital-engineering,ai-first-digital-engineering.html,Accessibility,Image missing alt text: https://res.cloudinary.com/dden4hawr/image/upload/v1777869311/GuideWire_logo_color_1_whi7lu.png
/ai-first-digital-engineering,ai-first-digital-engineering.html,Accessibility,Image missing alt text: https://res.cloudinary.com/dden4hawr/image/upload/v1777869312/RingCentral_1_zjcj4f.png
/ai-first-digital-engineering,ai-first-digital-engineering.html,Accessibility,Image missing alt text: https://res.cloudinary.com/dden4hawr/image/upload/v1777869312/Informatica_1_gkhjs0.png
/ai-first-digital-engineering,ai-first-digital-engineering.html,Accessibility,Image missing alt text: https://res.cloudinary.com/dden4hawr/image/upload/v1778614980/4_ywqbo9.png
/ai-first-digital-engineering,ai-first-digital-engineering.html,Accessibility,Image missing alt text: https://res.cloudinary.com/dden4hawr/image/upload/v1778614983/5_eokkdp.png
/ai-first-digital-engineering,ai-first-digital-engineering.html,Accessibility,Image missing alt text: https://res.cloudinary.com/dden4hawr/image/upload/v1778614981/6_xp1ryj.png
/ai-innovation,ai-innovation.html,SEO,Missing meta description
/ai-led-engineering,ai-led-engineering.html,Accessibility,Image missing alt text: https://res.cloudinary.com/dden4hawr/image/upload/v1778645514/12_fqkmxq.png
/ai-led-engineering,ai-led-engineering.html,Accessibility,Image missing alt text: https://res.cloudinary.com/dden4hawr/image/upload/v1778645515/13_otvcxp.png
/ai-led-engineering,ai-led-engineering.html,Accessibility,Image missing alt text: https://res.cloudinary.com/dden4hawr/image/upload/v1778645514/14_vsqdxw.png
/ai-led-engineering,ai-led-engineering.html,Accessibility,Image missing alt text: https://res.cloudinary.com/dden4hawr/image/upload/v1777869311/Dynatrace_1_t3ayxc.png
/ai-led-engineering,ai-led-engineering.html,Accessibility,Image missing alt text: https://res.cloudinary.com/dden4hawr/image/upload/v1777869312/ServiceNow_1_plissc.png
/ai-led-engineering,ai-led-engineering.html,Accessibility,Image missing alt text: https://res.cloudinary.com/dden4hawr/image/upload/v1777869312/Boomi_1_kvrpcd.png
/ai-led-engineering,ai-led-engineering.html,Accessibility,Image missing alt text: https://res.cloudinary.com/dden4hawr/image/upload/v1777869311/GuideWire_logo_color_1_whi7lu.png
/ai-led-engineering,ai-led-engineering.html,Accessibility,Image missing alt text: https://res.cloudinary.com/dden4hawr/image/upload/v1777869312/RingCentral_1_zjcj4f.png
/ai-led-engineering,ai-led-engineering.html,Accessibility,Image missing alt text: https://res.cloudinary.com/dden4hawr/image/upload/v1777869312/Informatica_1_gkhjs0.png
/ai-led-engineering,ai-led-engineering.html,Accessibility,Image missing alt text: https://res.cloudinary.com/dden4hawr/image/upload/v1778646704/7_vmwgl8.png
/ai-led-engineering,ai-led-engineering.html,Accessibility,Image missing alt text: https://res.cloudinary.com/dden4hawr/image/upload/v1778646705/8_tdax9f.png
/ai-led-engineering,ai-led-engineering.html,Accessibility,Image missing alt text: https://res.cloudinary.com/dden4hawr/image/upload/v1778646698/9_kwym5i.png
/ai-led-engineering,ai-led-engineering.html,Accessibility,Image missing alt text: ${d.imgs.p1}
/ai-led-engineering,ai-led-engineering.html,Accessibility,Image missing alt text: ${d.imgs.p2}
/ai-led-engineering,ai-led-engineering.html,Accessibility,Image missing alt text: ${d.imgs.shield}
/ai-led-engineering,ai-led-engineering.html,Accessibility,Image missing alt text: ${d.imgs.dash}
/ai-upskilling,ai-upskilling.html,SEO,Missing meta description
/ai-upskilling,ai-upskilling.html,Accessibility,Image missing alt text: https://res.cloudinary.com/dden4hawr/image/upload/v1780294854/63f34698f565c005a29820ab6de35ef32cf5ac
/ai-upskilling,ai-upskilling.html,Accessibility,Image missing alt text: https://res.cloudinary.com/dden4hawr/image/upload/v1780295659/53_jo5x8m.png
/ai-upskilling,ai-upskilling.html,Accessibility,Image missing alt text: https://res.cloudinary.com/dden4hawr/image/upload/v1780295659/54_xggjcq.png
/ai-upskilling,ai-upskilling.html,Accessibility,Image missing alt text: https://res.cloudinary.com/dden4hawr/image/upload/v1780295659/55_gjigb4.png
/ai-upskilling,ai-upskilling.html,Accessibility,Image missing alt text: https://res.cloudinary.com/dden4hawr/image/upload/v1780297225/22_ioe0kc.png
/ai-upskilling,ai-upskilling.html,Accessibility,Image missing alt text: https://res.cloudinary.com/dden4hawr/image/upload/v1780297225/23_fpkwrt.png
/ai-upskilling,ai-upskilling.html,Accessibility,Image missing alt text: https://res.cloudinary.com/dden4hawr/image/upload/v1780297225/24_glizc1.png
/ai-upskilling,ai-upskilling.html,Accessibility,Image missing alt text: https://res.cloudinary.com/dden4hawr/image/upload/v1780298821/16_yfwmw4.png
/ai-upskilling,ai-upskilling.html,Accessibility,Image missing alt text: https://res.cloudinary.com/dden4hawr/image/upload/v1780298830/17_pysdef.png
/ai-upskilling,ai-upskilling.html,Accessibility,Image missing alt text: https://res.cloudinary.com/dden4hawr/image/upload/v1780298828/18_ju1rap.png
/banking-financial-services,banking-financial-services/index.html,Content/SEO,Multiple H1s found: 2
/banking-financial-services,banking-financial-services/index.html,Accessibility,Image missing alt text: https://res.cloudinary.com/dden4hawr/image/upload/v1780303691/19_kdbrye.png
/banking-financial-services,banking-financial-services/index.html,Accessibility,Image missing alt text: https://res.cloudinary.com/dden4hawr/image/upload/v1780303691/19_kdbrye.png
/banking-financial-services,banking-financial-services/index.html,Accessibility,Image missing alt text: https://res.cloudinary.com/dden4hawr/image/upload/v1780303691/19_kdbrye.png
/banking-financial-services,banking-financial-services.html,Content/SEO,Multiple H1s found: 2
/banking-financial-services,banking-financial-services.html,Accessibility,Image missing alt text: https://res.cloudinary.com/dden4hawr/image/upload/v1780303691/19_kdbrye.png
/banking-financial-services,banking-financial-services.html,Accessibility,Image missing alt text: https://res.cloudinary.com/dden4hawr/image/upload/v1780303691/19_kdbrye.png
/banking-financial-services,banking-financial-services.html,Accessibility,Image missing alt text: https://res.cloudinary.com/dden4hawr/image/upload/v1780303691/19_kdbrye.png
/capabilities/ai-and-data,capabilities/ai-and-data/index.html,Accessibility,Image missing alt text: https://res.cloudinary.com/dden4hawr/image/upload/v1779994286/34_ncgiuz.png
/capabilities/ai-and-data,capabilities/ai-and-data/index.html,Accessibility,Image missing alt text: https://res.cloudinary.com/dden4hawr/image/upload/v1779994287/35_wa7bjj.png
/capabilities/ai-and-data,capabilities/ai-and-data/index.html,Accessibility,Image missing alt text: https://res.cloudinary.com/dden4hawr/image/upload/v1779994287/36_q8jhwq.png
/capabilities/ai-and-data,capabilities/ai-and-data/index.html,Accessibility,Image missing alt text: https://res.cloudinary.com/dden4hawr/image/upload/v1778646704/7_vmwgl8.png
/capabilities/ai-and-data,capabilities/ai-and-data/index.html,Accessibility,Image missing alt text: https://res.cloudinary.com/dden4hawr/image/upload/v1778646705/8_tdax9f.png
/capabilities/ai-and-data,capabilities/ai-and-data/index.html,Accessibility,Image missing alt text: https://res.cloudinary.com/dden4hawr/image/upload/v1778646698/9_kwym5i.png
/capabilities/ai-and-data,capabilities/ai-and-data/index.html,Accessibility,Image missing alt text: ${d.imgs.p1}
/capabilities/ai-and-data,capabilities/ai-and-data/index.html,Accessibility,Image missing alt text: ${d.imgs.p2}
/capabilities/ai-and-data,capabilities/ai-and-data/index.html,Accessibility,Image missing alt text: ${d.imgs.shield}
/capabilities/ai-and-data,capabilities/ai-and-data/index.html,Accessibility,Image missing alt text: ${d.imgs.dash}
/capabilities/ai-led-engineering,capabilities/ai-led-engineering/index.html,Accessibility,Image missing alt text: https://res.cloudinary.com/dden4hawr/image/upload/v1778645514/12_fqkmxq.png
/capabilities/ai-led-engineering,capabilities/ai-led-engineering/index.html,Accessibility,Image missing alt text: https://res.cloudinary.com/dden4hawr/image/upload/v1778645515/13_otvcxp.png
/capabilities/ai-led-engineering,capabilities/ai-led-engineering/index.html,Accessibility,Image missing alt text: https://res.cloudinary.com/dden4hawr/image/upload/v1778645514/14_vsqdxw.png
/capabilities/ai-led-engineering,capabilities/ai-led-engineering/index.html,Accessibility,Image missing alt text: https://res.cloudinary.com/dden4hawr/image/upload/v1777869311/Dynatrace_1_t3ayxc.png
/capabilities/ai-led-engineering,capabilities/ai-led-engineering/index.html,Accessibility,Image missing alt text: https://res.cloudinary.com/dden4hawr/image/upload/v1777869312/ServiceNow_1_plissc.png
/capabilities/ai-led-engineering,capabilities/ai-led-engineering/index.html,Accessibility,Image missing alt text: https://res.cloudinary.com/dden4hawr/image/upload/v1777869312/Boomi_1_kvrpcd.png
/capabilities/ai-led-engineering,capabilities/ai-led-engineering/index.html,Accessibility,Image missing alt text: https://res.cloudinary.com/dden4hawr/image/upload/v1777869311/GuideWire_logo_color_1_whi7lu.png
/capabilities/ai-led-engineering,capabilities/ai-led-engineering/index.html,Accessibility,Image missing alt text: https://res.cloudinary.com/dden4hawr/image/upload/v1777869312/RingCentral_1_zjcj4f.png
/capabilities/ai-led-engineering,capabilities/ai-led-engineering/index.html,Accessibility,Image missing alt text: https://res.cloudinary.com/dden4hawr/image/upload/v1777869312/Informatica_1_gkhjs0.png
/capabilities/ai-led-engineering,capabilities/ai-led-engineering/index.html,Accessibility,Image missing alt text: https://res.cloudinary.com/dden4hawr/image/upload/v1778646704/7_vmwgl8.png
/capabilities/ai-led-engineering,capabilities/ai-led-engineering/index.html,Accessibility,Image missing alt text: https://res.cloudinary.com/dden4hawr/image/upload/v1778646705/8_tdax9f.png
/capabilities/ai-led-engineering,capabilities/ai-led-engineering/index.html,Accessibility,Image missing alt text: https://res.cloudinary.com/dden4hawr/image/upload/v1778646698/9_kwym5i.png
/capabilities/ai-led-engineering,capabilities/ai-led-engineering/index.html,Accessibility,Image missing alt text: ${d.imgs.p1}
/capabilities/ai-led-engineering,capabilities/ai-led-engineering/index.html,Accessibility,Image missing alt text: ${d.imgs.p2}
/capabilities/ai-led-engineering,capabilities/ai-led-engineering/index.html,Accessibility,Image missing alt text: ${d.imgs.shield}
/capabilities/ai-led-engineering,capabilities/ai-led-engineering/index.html,Accessibility,Image missing alt text: ${d.imgs.dash}
/capabilities/cloud-and-infrastructure-engineering,capabilities/cloud-and-infrastructure-engineering/index.html,Accessibility,Image missing alt text: https://res.cloudinary.com/dden4hawr/image/upload/v1778645514/12_fqkmxq.png
/capabilities/cloud-and-infrastructure-engineering,capabilities/cloud-and-infrastructure-engineering/index.html,Accessibility,Image missing alt text: https://res.cloudinary.com/dden4hawr/image/upload/v1778645515/13_otvcxp.png
/capabilities/cloud-and-infrastructure-engineering,capabilities/cloud-and-infrastructure-engineering/index.html,Accessibility,Image missing alt text: https://res.cloudinary.com/dden4hawr/image/upload/v1778645514/14_vsqdxw.png
/capabilities/cloud-and-infrastructure-engineering,capabilities/cloud-and-infrastructure-engineering/index.html,Accessibility,Image missing alt text: https://res.cloudinary.com/dden4hawr/image/upload/v1778646704/7_vmwgl8.png
/capabilities/cloud-and-infrastructure-engineering,capabilities/cloud-and-infrastructure-engineering/index.html,Accessibility,Image missing alt text: https://res.cloudinary.com/dden4hawr/image/upload/v1778646705/8_tdax9f.png
/capabilities/cloud-and-infrastructure-engineering,capabilities/cloud-and-infrastructure-engineering/index.html,Accessibility,Image missing alt text: https://res.cloudinary.com/dden4hawr/image/upload/v1778646698/9_kwym5i.png
/capabilities/cloud-and-infrastructure-engineering,capabilities/cloud-and-infrastructure-engineering/index.html,Accessibility,Image missing alt text: ${d.imgs.p1}
/capabilities/cloud-and-infrastructure-engineering,capabilities/cloud-and-infrastructure-engineering/index.html,Accessibility,Image missing alt text: ${d.imgs.p2}
/capabilities/cloud-and-infrastructure-engineering,capabilities/cloud-and-infrastructure-engineering/index.html,Accessibility,Image missing alt text: ${d.imgs.shield}
/capabilities/cloud-and-infrastructure-engineering,capabilities/cloud-and-infrastructure-engineering/index.html,Accessibility,Image missing alt text: ${d.imgs.dash}
/capabilities/digital-operations-and-security,capabilities/digital-operations-and-security/index.html,Accessibility,Image missing alt text: https://res.cloudinary.com/dden4hawr/image/upload/v1780026818/37_l5xezt.png
/capabilities/digital-operations-and-security,capabilities/digital-operations-and-security/index.html,Accessibility,Image missing alt text: https://res.cloudinary.com/dden4hawr/image/upload/v1780026818/38_gbcycu.png
/capabilities/digital-operations-and-security,capabilities/digital-operations-and-security/index.html,Accessibility,Image missing alt text: https://res.cloudinary.com/dden4hawr/image/upload/v1780026818/39_sasun0.png
/capabilities/digital-operations-and-security,capabilities/digital-operations-and-security/index.html,Accessibility,Image missing alt text: https://res.cloudinary.com/dden4hawr/image/upload/v1778646704/7_vmwgl8.png
/capabilities/digital-operations-and-security,capabilities/digital-operations-and-security/index.html,Accessibility,Image missing alt text: https://res.cloudinary.com/dden4hawr/image/upload/v1778646705/8_tdax9f.png
/capabilities/digital-operations-and-security,capabilities/digital-operations-and-security/index.html,Accessibility,Image missing alt text: https://res.cloudinary.com/dden4hawr/image/upload/v1778646698/9_kwym5i.png
/capabilities/digital-operations-and-security,capabilities/digital-operations-and-security/index.html,Accessibility,Image missing alt text: ${d.imgs.p1}
/capabilities/digital-operations-and-security,capabilities/digital-operations-and-security/index.html,Accessibility,Image missing alt text: ${d.imgs.p2}
/capabilities/digital-operations-and-security,capabilities/digital-operations-and-security/index.html,Accessibility,Image missing alt text: ${d.imgs.shield}
/capabilities/digital-operations-and-security,capabilities/digital-operations-and-security/index.html,Accessibility,Image missing alt text: ${d.imgs.dash}
/capabilities,capabilities/index.html,Accessibility,Image missing alt text: https://res.cloudinary.com/dden4hawr/image/upload/v1778645514/12_fqkmxq.png
/capabilities,capabilities/index.html,Accessibility,Image missing alt text: https://res.cloudinary.com/dden4hawr/image/upload/v1778645515/13_otvcxp.png
/capabilities,capabilities/index.html,Accessibility,Image missing alt text: https://res.cloudinary.com/dden4hawr/image/upload/v1778645514/14_vsqdxw.png
/capabilities,capabilities/index.html,Accessibility,Image missing alt text: https://res.cloudinary.com/dden4hawr/image/upload/v1777869311/Dynatrace_1_t3ayxc.png
/capabilities,capabilities/index.html,Accessibility,Image missing alt text: https://res.cloudinary.com/dden4hawr/image/upload/v1777869312/ServiceNow_1_plissc.png
/capabilities,capabilities/index.html,Accessibility,Image missing alt text: https://res.cloudinary.com/dden4hawr/image/upload/v1777869312/Boomi_1_kvrpcd.png
/capabilities,capabilities/index.html,Accessibility,Image missing alt text: https://res.cloudinary.com/dden4hawr/image/upload/v1777869311/GuideWire_logo_color_1_whi7lu.png
/capabilities,capabilities/index.html,Accessibility,Image missing alt text: https://res.cloudinary.com/dden4hawr/image/upload/v1777869312/RingCentral_1_zjcj4f.png
/capabilities,capabilities/index.html,Accessibility,Image missing alt text: https://res.cloudinary.com/dden4hawr/image/upload/v1777869312/Informatica_1_gkhjs0.png
/capabilities,capabilities/index.html,Accessibility,Image missing alt text: https://res.cloudinary.com/dden4hawr/image/upload/v1778646704/7_vmwgl8.png
/capabilities,capabilities/index.html,Accessibility,Image missing alt text: https://res.cloudinary.com/dden4hawr/image/upload/v1778646705/8_tdax9f.png
/capabilities,capabilities/index.html,Accessibility,Image missing alt text: https://res.cloudinary.com/dden4hawr/image/upload/v1778646698/9_kwym5i.png
/capabilities,capabilities/index.html,Accessibility,Image missing alt text: ${d.imgs.p1}
/capabilities,capabilities/index.html,Accessibility,Image missing alt text: ${d.imgs.p2}
/capabilities,capabilities/index.html,Accessibility,Image missing alt text: ${d.imgs.shield}
/capabilities,capabilities/index.html,Accessibility,Image missing alt text: ${d.imgs.dash}
/capabilities/security-and-governance,capabilities/security-and-governance/index.html,Accessibility,Image missing alt text: https://res.cloudinary.com/dden4hawr/image/upload/v1780032040/40_djh2cq.png
/capabilities/security-and-governance,capabilities/security-and-governance/index.html,Accessibility,Image missing alt text: https://res.cloudinary.com/dden4hawr/image/upload/v1780032040/41_sxar5k.png
/capabilities/security-and-governance,capabilities/security-and-governance/index.html,Accessibility,Image missing alt text: https://res.cloudinary.com/dden4hawr/image/upload/v1780032040/42_ysyekf.png
/capabilities/security-and-governance,capabilities/security-and-governance/index.html,Accessibility,Image missing alt text: https://plus.unsplash.com/premium_photo-1681843039768-0e22b7a031d5?q=80&w=1172&auto=format&fit=crop&
/capabilities/security-and-governance,capabilities/security-and-governance/index.html,Accessibility,Image missing alt text: https://images.unsplash.com/photo-1460925895917-afdab827c52f?q=80&w=1115&auto=format&fit=crop&ixlib=
/capabilities/security-and-governance,capabilities/security-and-governance/index.html,Accessibility,Image missing alt text: https://res.cloudinary.com/dden4hawr/image/upload/v1778646704/7_vmwgl8.png
/capabilities/security-and-governance,capabilities/security-and-governance/index.html,Accessibility,Image missing alt text: https://res.cloudinary.com/dden4hawr/image/upload/v1778646705/8_tdax9f.png
/capabilities/security-and-governance,capabilities/security-and-governance/index.html,Accessibility,Image missing alt text: https://res.cloudinary.com/dden4hawr/image/upload/v1778646698/9_kwym5i.png
/capabilities/security-and-governance,capabilities/security-and-governance/index.html,Accessibility,Image missing alt text: ${d.imgs.p1}
/capabilities/security-and-governance,capabilities/security-and-governance/index.html,Accessibility,Image missing alt text: ${d.imgs.p2}
/capabilities/security-and-governance,capabilities/security-and-governance/index.html,Accessibility,Image missing alt text: ${d.imgs.shield}
/capabilities/security-and-governance,capabilities/security-and-governance/index.html,Accessibility,Image missing alt text: ${d.imgs.dash}
/celsior-ai-lab,celsior-ai-lab/index.html,Accessibility,Image missing alt text: https://res.cloudinary.com/dden4hawr/image/upload/v1779800255/25_biq55h.png
/celsior-ai-lab,celsior-ai-lab/index.html,Accessibility,Image missing alt text: https://res.cloudinary.com/dden4hawr/image/upload/v1779800255/26_pxmywa.png
/celsior-ai-lab,celsior-ai-lab/index.html,Accessibility,Image missing alt text: https://res.cloudinary.com/dden4hawr/image/upload/v1779800255/27_mocsc3.png
/celsior-ai-lab,celsior-ai-lab/index.html,Accessibility,Image missing alt text: https://res.cloudinary.com/dden4hawr/image/upload/v1779868187/10_gx9hyg.png
/celsior-ai-lab,celsior-ai-lab/index.html,Accessibility,Image missing alt text: https://res.cloudinary.com/dden4hawr/image/upload/v1779868187/11_yegzhd.png
/celsior-ai-lab,celsior-ai-lab/index.html,Accessibility,Image missing alt text: https://res.cloudinary.com/dden4hawr/image/upload/v1779868187/12_hobiox.png
/celsior-ai-lab,celsior-ai-lab/index.html,Accessibility,Image missing alt text: https://res.cloudinary.com/dden4hawr/image/upload/v1780303691/19_kdbrye.png
/celsior-ai-lab,celsior-ai-lab/index.html,Accessibility,Image missing alt text: https://res.cloudinary.com/dden4hawr/image/upload/v1780303698/20_yfp8j7.png
/celsior-ai-lab,celsior-ai-lab/index.html,Accessibility,Image missing alt text: https://res.cloudinary.com/dden4hawr/image/upload/v1780303698/21_ktmdre.png
/celsior-ai-lab,celsior-ai-lab.html,Accessibility,Image missing alt text: https://res.cloudinary.com/dden4hawr/image/upload/v1779800255/25_biq55h.png
/celsior-ai-lab,celsior-ai-lab.html,Accessibility,Image missing alt text: https://res.cloudinary.com/dden4hawr/image/upload/v1779800255/26_pxmywa.png
/celsior-ai-lab,celsior-ai-lab.html,Accessibility,Image missing alt text: https://res.cloudinary.com/dden4hawr/image/upload/v1779800255/27_mocsc3.png
/celsior-ai-lab,celsior-ai-lab.html,Accessibility,Image missing alt text: https://res.cloudinary.com/dden4hawr/image/upload/v1779868187/10_gx9hyg.png
/celsior-ai-lab,celsior-ai-lab.html,Accessibility,Image missing alt text: https://res.cloudinary.com/dden4hawr/image/upload/v1779868187/11_yegzhd.png
/celsior-ai-lab,celsior-ai-lab.html,Accessibility,Image missing alt text: https://res.cloudinary.com/dden4hawr/image/upload/v1779868187/12_hobiox.png
/celsior-ai-lab,celsior-ai-lab.html,Accessibility,Image missing alt text: https://res.cloudinary.com/dden4hawr/image/upload/v1780303691/19_kdbrye.png
/celsior-ai-lab,celsior-ai-lab.html,Accessibility,Image missing alt text: https://res.cloudinary.com/dden4hawr/image/upload/v1780303698/20_yfp8j7.png
/celsior-ai-lab,celsior-ai-lab.html,Accessibility,Image missing alt text: https://res.cloudinary.com/dden4hawr/image/upload/v1780303698/21_ktmdre.png
/cloud-infrastructure-engineering,cloud-infrastructure-engineering.html,Accessibility,Image missing alt text: https://res.cloudinary.com/dden4hawr/image/upload/v1778645514/12_fqkmxq.png
/cloud-infrastructure-engineering,cloud-infrastructure-engineering.html,Accessibility,Image missing alt text: https://res.cloudinary.com/dden4hawr/image/upload/v1778645515/13_otvcxp.png
/cloud-infrastructure-engineering,cloud-infrastructure-engineering.html,Accessibility,Image missing alt text: https://res.cloudinary.com/dden4hawr/image/upload/v1778645514/14_vsqdxw.png
/cloud-infrastructure-engineering,cloud-infrastructure-engineering.html,Accessibility,Image missing alt text: https://res.cloudinary.com/dden4hawr/image/upload/v1778646704/7_vmwgl8.png
/cloud-infrastructure-engineering,cloud-infrastructure-engineering.html,Accessibility,Image missing alt text: https://res.cloudinary.com/dden4hawr/image/upload/v1778646705/8_tdax9f.png
/cloud-infrastructure-engineering,cloud-infrastructure-engineering.html,Accessibility,Image missing alt text: https://res.cloudinary.com/dden4hawr/image/upload/v1778646698/9_kwym5i.png
/cloud-infrastructure-engineering,cloud-infrastructure-engineering.html,Accessibility,Image missing alt text: ${d.imgs.p1}
/cloud-infrastructure-engineering,cloud-infrastructure-engineering.html,Accessibility,Image missing alt text: ${d.imgs.p2}
/cloud-infrastructure-engineering,cloud-infrastructure-engineering.html,Accessibility,Image missing alt text: ${d.imgs.shield}
/cloud-infrastructure-engineering,cloud-infrastructure-engineering.html,Accessibility,Image missing alt text: ${d.imgs.dash}
/cost-efficiency,cost-efficiency.html,Accessibility,Image missing alt text: https://res.cloudinary.com/dden4hawr/image/upload/v1779985981/28_qikjz7.png
/cost-efficiency,cost-efficiency.html,Accessibility,Image missing alt text: https://res.cloudinary.com/dden4hawr/image/upload/v1779986988/Icons_4_etxloa.png
/cost-efficiency,cost-efficiency.html,Accessibility,Image missing alt text: https://res.cloudinary.com/dden4hawr/image/upload/v1779985981/29_pasbwj.png
/cost-efficiency,cost-efficiency.html,Accessibility,Image missing alt text: https://res.cloudinary.com/dden4hawr/image/upload/v1779986929/15_szaicn.png
/cost-efficiency,cost-efficiency.html,Accessibility,Image missing alt text: https://res.cloudinary.com/dden4hawr/image/upload/v1779986929/14_udss8c.png
/cost-efficiency,cost-efficiency.html,Accessibility,Image missing alt text: https://res.cloudinary.com/dden4hawr/image/upload/v1779986928/13_gdwxgs.png
/cost-efficiency,cost-efficiency.html,Accessibility,Image missing alt text: https://res.cloudinary.com/dden4hawr/image/upload/v1777869311/Dynatrace_1_t3ayxc.png
/cost-efficiency,cost-efficiency.html,Accessibility,Image missing alt text: https://res.cloudinary.com/dden4hawr/image/upload/v1777869312/ServiceNow_1_plissc.png
/cost-efficiency,cost-efficiency.html,Accessibility,Image missing alt text: https://res.cloudinary.com/dden4hawr/image/upload/v1777869312/Boomi_1_kvrpcd.png
/cost-efficiency,cost-efficiency.html,Accessibility,Image missing alt text: https://res.cloudinary.com/dden4hawr/image/upload/v1777869311/GuideWire_logo_color_1_whi7lu.png
/cost-efficiency,cost-efficiency.html,Accessibility,Image missing alt text: https://res.cloudinary.com/dden4hawr/image/upload/v1777869312/RingCentral_1_zjcj4f.png
/cost-efficiency,cost-efficiency.html,Accessibility,Image missing alt text: https://res.cloudinary.com/dden4hawr/image/upload/v1777869312/Informatica_1_gkhjs0.png
/cost-efficiency,cost-efficiency.html,Accessibility,Image missing alt text: https://res.cloudinary.com/dden4hawr/image/upload/v1779344436/10_itipga.png
/cost-efficiency,cost-efficiency.html,Accessibility,Image missing alt text: https://res.cloudinary.com/dden4hawr/image/upload/v1779344432/11_sc8d1p.png
/cost-efficiency,cost-efficiency.html,Accessibility,Image missing alt text: https://res.cloudinary.com/dden4hawr/image/upload/v1779344433/12_sen1lr.png
/design-lab,design-lab/index.html,Content/SEO,Multiple H1s found: 2
/design-lab,design-lab/index.html,Accessibility,Image missing alt text: https://res.cloudinary.com/dden4hawr/image/upload/v1780417002/56_dbnwzc.png
/design-lab,design-lab/index.html,Accessibility,Image missing alt text: https://res.cloudinary.com/dden4hawr/image/upload/v1780417002/57_pidb6z.png
/design-lab,design-lab/index.html,Accessibility,Image missing alt text: https://res.cloudinary.com/dden4hawr/image/upload/v1780417002/58_l6znzg.png
/design-lab,design-lab/index.html,Accessibility,Image missing alt text: https://res.cloudinary.com/dden4hawr/image/upload/v1780303691/19_kdbrye.png
/design-lab,design-lab/index.html,Accessibility,Image missing alt text: https://res.cloudinary.com/dden4hawr/image/upload/v1780303698/20_yfp8j7.png
/design-lab,design-lab/index.html,Accessibility,Image missing alt text: https://res.cloudinary.com/dden4hawr/image/upload/v1780303698/21_ktmdre.png
/design-lab,design-lab.html,Content/SEO,Multiple H1s found: 2
/design-lab,design-lab.html,Accessibility,Image missing alt text: https://res.cloudinary.com/dden4hawr/image/upload/v1780417002/56_dbnwzc.png
/design-lab,design-lab.html,Accessibility,Image missing alt text: https://res.cloudinary.com/dden4hawr/image/upload/v1780417002/57_pidb6z.png
/design-lab,design-lab.html,Accessibility,Image missing alt text: https://res.cloudinary.com/dden4hawr/image/upload/v1780417002/58_l6znzg.png
/design-lab,design-lab.html,Accessibility,Image missing alt text: https://res.cloudinary.com/dden4hawr/image/upload/v1780303691/19_kdbrye.png
/design-lab,design-lab.html,Accessibility,Image missing alt text: https://res.cloudinary.com/dden4hawr/image/upload/v1780303698/20_yfp8j7.png
/design-lab,design-lab.html,Accessibility,Image missing alt text: https://res.cloudinary.com/dden4hawr/image/upload/v1780303698/21_ktmdre.png
/digital-experience,digital-experience.html,Accessibility,Image missing alt text: https://res.cloudinary.com/dden4hawr/image/upload/v1779333813/21_kfyexy.png
/digital-experience,digital-experience.html,Accessibility,Image missing alt text: https://res.cloudinary.com/dden4hawr/image/upload/v1779333814/22_bivfvo.png
/digital-experience,digital-experience.html,Accessibility,Image missing alt text: https://res.cloudinary.com/dden4hawr/image/upload/v1779333813/23_qjsf2c.png
/digital-experience,digital-experience.html,Accessibility,Image missing alt text: https://res.cloudinary.com/dden4hawr/image/upload/v1779334925/4_oskntq.png
/digital-experience,digital-experience.html,Accessibility,Image missing alt text: https://res.cloudinary.com/dden4hawr/image/upload/v1779334925/5_detght.png
/digital-experience,digital-experience.html,Accessibility,Image missing alt text: https://res.cloudinary.com/dden4hawr/image/upload/v1779334926/6_b6mwba.png
/digital-experience,digital-experience.html,Accessibility,Image missing alt text: https://res.cloudinary.com/dden4hawr/image/upload/v1777869311/Dynatrace_1_t3ayxc.png
/digital-experience,digital-experience.html,Accessibility,Image missing alt text: https://res.cloudinary.com/dden4hawr/image/upload/v1777869312/ServiceNow_1_plissc.png
/digital-experience,digital-experience.html,Accessibility,Image missing alt text: https://res.cloudinary.com/dden4hawr/image/upload/v1777869312/Boomi_1_kvrpcd.png
/digital-experience,digital-experience.html,Accessibility,Image missing alt text: https://res.cloudinary.com/dden4hawr/image/upload/v1777869311/GuideWire_logo_color_1_whi7lu.png
/digital-experience,digital-experience.html,Accessibility,Image missing alt text: https://res.cloudinary.com/dden4hawr/image/upload/v1777869312/RingCentral_1_zjcj4f.png
/digital-experience,digital-experience.html,Accessibility,Image missing alt text: https://res.cloudinary.com/dden4hawr/image/upload/v1777869312/Informatica_1_gkhjs0.png
/digital-experience,digital-experience.html,Accessibility,Image missing alt text: https://res.cloudinary.com/dden4hawr/image/upload/v1779344436/10_itipga.png
/digital-experience,digital-experience.html,Accessibility,Image missing alt text: https://res.cloudinary.com/dden4hawr/image/upload/v1779344432/11_sc8d1p.png
/digital-experience,digital-experience.html,Accessibility,Image missing alt text: https://res.cloudinary.com/dden4hawr/image/upload/v1779344433/12_sen1lr.png
/digital-operations,digital-operations.html,Accessibility,Image missing alt text: https://res.cloudinary.com/dden4hawr/image/upload/v1780026818/37_l5xezt.png
/digital-operations,digital-operations.html,Accessibility,Image missing alt text: https://res.cloudinary.com/dden4hawr/image/upload/v1780026818/38_gbcycu.png
/digital-operations,digital-operations.html,Accessibility,Image missing alt text: https://res.cloudinary.com/dden4hawr/image/upload/v1780026818/39_sasun0.png
/digital-operations,digital-operations.html,Accessibility,Image missing alt text: https://res.cloudinary.com/dden4hawr/image/upload/v1778646704/7_vmwgl8.png
/digital-operations,digital-operations.html,Accessibility,Image missing alt text: https://res.cloudinary.com/dden4hawr/image/upload/v1778646705/8_tdax9f.png
/digital-operations,digital-operations.html,Accessibility,Image missing alt text: https://res.cloudinary.com/dden4hawr/image/upload/v1778646698/9_kwym5i.png
/digital-operations,digital-operations.html,Accessibility,Image missing alt text: ${d.imgs.p1}
/digital-operations,digital-operations.html,Accessibility,Image missing alt text: ${d.imgs.p2}
/digital-operations,digital-operations.html,Accessibility,Image missing alt text: ${d.imgs.shield}
/digital-operations,digital-operations.html,Accessibility,Image missing alt text: ${d.imgs.dash}
/frameworks-accelerators,frameworks-accelerators/index.html,Content/SEO,Multiple H1s found: 2
/frameworks-accelerators,frameworks-accelerators/index.html,Accessibility,Image missing alt text: https://res.cloudinary.com/dden4hawr/image/upload/v1780423060/59_a7lyva.png
/frameworks-accelerators,frameworks-accelerators/index.html,Accessibility,Image missing alt text: https://res.cloudinary.com/dden4hawr/image/upload/v1780423060/60_jcxpo2.png
/frameworks-accelerators,frameworks-accelerators/index.html,Accessibility,Image missing alt text: https://res.cloudinary.com/dden4hawr/image/upload/v1780423060/61_xnlpoi.png
/frameworks-accelerators,frameworks-accelerators.html,Content/SEO,Multiple H1s found: 2
/frameworks-accelerators,frameworks-accelerators.html,Accessibility,Image missing alt text: https://res.cloudinary.com/dden4hawr/image/upload/v1780423060/59_a7lyva.png
/frameworks-accelerators,frameworks-accelerators.html,Accessibility,Image missing alt text: https://res.cloudinary.com/dden4hawr/image/upload/v1780423060/60_jcxpo2.png
/frameworks-accelerators,frameworks-accelerators.html,Accessibility,Image missing alt text: https://res.cloudinary.com/dden4hawr/image/upload/v1780423060/61_xnlpoi.png
/gcc-nearshore,gcc-nearshore.html,SEO,Missing meta description
/gcc-nearshore,gcc-nearshore.html,Accessibility,Image missing alt text: https://res.cloudinary.com/dden4hawr/image/upload/v1780294854/63f34698f565c005a29820ab6de35ef32cf5ac
/gcc-nearshore,gcc-nearshore.html,Accessibility,Image missing alt text: https://res.cloudinary.com/dden4hawr/image/upload/v1780295659/53_jo5x8m.png
/gcc-nearshore,gcc-nearshore.html,Accessibility,Image missing alt text: https://res.cloudinary.com/dden4hawr/image/upload/v1780295659/54_xggjcq.png
/gcc-nearshore,gcc-nearshore.html,Accessibility,Image missing alt text: https://res.cloudinary.com/dden4hawr/image/upload/v1780295659/55_gjigb4.png
/gcc-nearshore,gcc-nearshore.html,Accessibility,Image missing alt text: https://res.cloudinary.com/dden4hawr/image/upload/v1780297225/22_ioe0kc.png
/gcc-nearshore,gcc-nearshore.html,Accessibility,Image missing alt text: https://res.cloudinary.com/dden4hawr/image/upload/v1780297225/23_fpkwrt.png
/gcc-nearshore,gcc-nearshore.html,Accessibility,Image missing alt text: https://res.cloudinary.com/dden4hawr/image/upload/v1780297225/24_glizc1.png
/gcc-nearshore,gcc-nearshore.html,Accessibility,Image missing alt text: https://res.cloudinary.com/dden4hawr/image/upload/v1780298821/16_yfwmw4.png
/gcc-nearshore,gcc-nearshore.html,Accessibility,Image missing alt text: https://res.cloudinary.com/dden4hawr/image/upload/v1780298830/17_pysdef.png
/gcc-nearshore,gcc-nearshore.html,Accessibility,Image missing alt text: https://res.cloudinary.com/dden4hawr/image/upload/v1780298828/18_ju1rap.png
/hire-train-deploy,hire-train-deploy.html,SEO,Missing meta description
/hire-train-deploy,hire-train-deploy.html,Accessibility,Image missing alt text: https://res.cloudinary.com/dden4hawr/image/upload/v1778577642/e635f926-6c6b-4155-928d-bdf0cb79d91a_y
/hire-train-deploy,hire-train-deploy.html,Accessibility,Image missing alt text: https://res.cloudinary.com/dden4hawr/image/upload/v1778579833/5_ohhyvq.png
/hire-train-deploy,hire-train-deploy.html,Accessibility,Image missing alt text: https://res.cloudinary.com/dden4hawr/image/upload/v1778579833/6_hfcvls.png
/hire-train-deploy,hire-train-deploy.html,Accessibility,Image missing alt text: https://res.cloudinary.com/dden4hawr/image/upload/v1778579832/7_qpjayv.png
/hire-train-deploy,hire-train-deploy.html,Accessibility,Image missing alt text: https://res.cloudinary.com/dden4hawr/image/upload/v1778585914/1_hkqc4o.jpg
/hire-train-deploy,hire-train-deploy.html,Accessibility,Image missing alt text: https://res.cloudinary.com/dden4hawr/image/upload/v1778585913/2_sniefj.jpg
/hire-train-deploy,hire-train-deploy.html,Accessibility,Image missing alt text: https://res.cloudinary.com/dden4hawr/image/upload/v1778585914/3_oi980a.jpg
/hire-train-deploy,hire-train-deploy.html,Accessibility,Image missing alt text: https://res.cloudinary.com/dden4hawr/image/upload/v1777869311/Dynatrace_1_t3ayxc.png
/hire-train-deploy,hire-train-deploy.html,Accessibility,Image missing alt text: https://res.cloudinary.com/dden4hawr/image/upload/v1777869312/ServiceNow_1_plissc.png
/hire-train-deploy,hire-train-deploy.html,Accessibility,Image missing alt text: https://res.cloudinary.com/dden4hawr/image/upload/v1777869312/Boomi_1_kvrpcd.png
/hire-train-deploy,hire-train-deploy.html,Accessibility,Image missing alt text: https://res.cloudinary.com/dden4hawr/image/upload/v1777869311/GuideWire_logo_color_1_whi7lu.png
/hire-train-deploy,hire-train-deploy.html,Accessibility,Image missing alt text: https://res.cloudinary.com/dden4hawr/image/upload/v1777869312/RingCentral_1_zjcj4f.png
/hire-train-deploy,hire-train-deploy.html,Accessibility,Image missing alt text: https://res.cloudinary.com/dden4hawr/image/upload/v1777869312/Informatica_1_gkhjs0.png
/hire-train-deploy,hire-train-deploy.html,Accessibility,Image missing alt text: https://res.cloudinary.com/dden4hawr/image/upload/v1778587408/1_d2ouxt.jpg
/hire-train-deploy,hire-train-deploy.html,Accessibility,Image missing alt text: https://res.cloudinary.com/dden4hawr/image/upload/v1778587414/3_lwxxsk.jpg
/hire-train-deploy,hire-train-deploy.html,Accessibility,Image missing alt text: https://res.cloudinary.com/dden4hawr/image/upload/v1778587408/2_jp1pcn.jpg
/how-we-deliver,how-we-deliver.html,SEO,Missing meta description
/,index.html,Content/SEO,Multiple H1s found: 5
/industries,industries.html,SEO,Missing meta description
/managed-programs,managed-programs.html,SEO,Missing meta description
/managed-programs,managed-programs.html,Accessibility,Image missing alt text: https://res.cloudinary.com/dden4hawr/image/upload/v1778577642/e635f926-6c6b-4155-928d-bdf0cb79d91a_y
/managed-programs,managed-programs.html,Accessibility,Image missing alt text: https://res.cloudinary.com/dden4hawr/image/upload/v1778579833/5_ohhyvq.png
/managed-programs,managed-programs.html,Accessibility,Image missing alt text: https://res.cloudinary.com/dden4hawr/image/upload/v1778579833/6_hfcvls.png
/managed-programs,managed-programs.html,Accessibility,Image missing alt text: https://res.cloudinary.com/dden4hawr/image/upload/v1778579832/7_qpjayv.png
/managed-programs,managed-programs.html,Accessibility,Image missing alt text: https://res.cloudinary.com/dden4hawr/image/upload/v1778585914/1_hkqc4o.jpg
/managed-programs,managed-programs.html,Accessibility,Image missing alt text: https://res.cloudinary.com/dden4hawr/image/upload/v1778585913/2_sniefj.jpg
/managed-programs,managed-programs.html,Accessibility,Image missing alt text: https://res.cloudinary.com/dden4hawr/image/upload/v1778585914/3_oi980a.jpg
/managed-programs,managed-programs.html,Accessibility,Image missing alt text: https://res.cloudinary.com/dden4hawr/image/upload/v1777869311/Dynatrace_1_t3ayxc.png
/managed-programs,managed-programs.html,Accessibility,Image missing alt text: https://res.cloudinary.com/dden4hawr/image/upload/v1777869312/ServiceNow_1_plissc.png
/managed-programs,managed-programs.html,Accessibility,Image missing alt text: https://res.cloudinary.com/dden4hawr/image/upload/v1777869312/Boomi_1_kvrpcd.png
/managed-programs,managed-programs.html,Accessibility,Image missing alt text: https://res.cloudinary.com/dden4hawr/image/upload/v1777869311/GuideWire_logo_color_1_whi7lu.png
/managed-programs,managed-programs.html,Accessibility,Image missing alt text: https://res.cloudinary.com/dden4hawr/image/upload/v1777869312/RingCentral_1_zjcj4f.png
/managed-programs,managed-programs.html,Accessibility,Image missing alt text: https://res.cloudinary.com/dden4hawr/image/upload/v1777869312/Informatica_1_gkhjs0.png
/managed-programs,managed-programs.html,Accessibility,Image missing alt text: https://res.cloudinary.com/dden4hawr/image/upload/v1778587408/1_d2ouxt.jpg
/managed-programs,managed-programs.html,Accessibility,Image missing alt text: https://res.cloudinary.com/dden4hawr/image/upload/v1778587414/3_lwxxsk.jpg
/managed-programs,managed-programs.html,Accessibility,Image missing alt text: https://res.cloudinary.com/dden4hawr/image/upload/v1778587408/2_jp1pcn.jpg
/our-focus/ai-adoption,our-focus/ai-adoption/index.html,Accessibility,Image missing alt text: https://res.cloudinary.com/dden4hawr/image/upload/v1779989036/31_qlbnw3.png
/our-focus/ai-adoption,our-focus/ai-adoption/index.html,Accessibility,Image missing alt text: https://res.cloudinary.com/dden4hawr/image/upload/v1779989036/32_yii8gx.png
/our-focus/ai-adoption,our-focus/ai-adoption/index.html,Accessibility,Image missing alt text: https://res.cloudinary.com/dden4hawr/image/upload/v1779989037/33_wm6lv1.png
/our-focus/ai-adoption,our-focus/ai-adoption/index.html,Accessibility,Image missing alt text: https://res.cloudinary.com/dden4hawr/image/upload/v1779989575/18_bzeen4.png
/our-focus/ai-adoption,our-focus/ai-adoption/index.html,Accessibility,Image missing alt text: https://res.cloudinary.com/dden4hawr/image/upload/v1779989575/17_ssgwl4.png
/our-focus/ai-adoption,our-focus/ai-adoption/index.html,Accessibility,Image missing alt text: https://res.cloudinary.com/dden4hawr/image/upload/v1779989575/16_ya8u5c.png
/our-focus/ai-adoption,our-focus/ai-adoption/index.html,Accessibility,Image missing alt text: https://res.cloudinary.com/dden4hawr/image/upload/v1777869311/Dynatrace_1_t3ayxc.png
/our-focus/ai-adoption,our-focus/ai-adoption/index.html,Accessibility,Image missing alt text: https://res.cloudinary.com/dden4hawr/image/upload/v1777869312/ServiceNow_1_plissc.png
/our-focus/ai-adoption,our-focus/ai-adoption/index.html,Accessibility,Image missing alt text: https://res.cloudinary.com/dden4hawr/image/upload/v1777869312/Boomi_1_kvrpcd.png
/our-focus/ai-adoption,our-focus/ai-adoption/index.html,Accessibility,Image missing alt text: https://res.cloudinary.com/dden4hawr/image/upload/v1777869311/GuideWire_logo_color_1_whi7lu.png
/our-focus/ai-adoption,our-focus/ai-adoption/index.html,Accessibility,Image missing alt text: https://res.cloudinary.com/dden4hawr/image/upload/v1777869312/RingCentral_1_zjcj4f.png
/our-focus/ai-adoption,our-focus/ai-adoption/index.html,Accessibility,Image missing alt text: https://res.cloudinary.com/dden4hawr/image/upload/v1777869312/Informatica_1_gkhjs0.png
/our-focus/ai-adoption,our-focus/ai-adoption/index.html,Accessibility,Image missing alt text: https://res.cloudinary.com/dden4hawr/image/upload/v1779991297/13_zi7wmp.png
/our-focus/ai-adoption,our-focus/ai-adoption/index.html,Accessibility,Image missing alt text: https://res.cloudinary.com/dden4hawr/image/upload/v1779991296/14_hhdqh7.png
/our-focus/ai-adoption,our-focus/ai-adoption/index.html,Accessibility,Image missing alt text: https://res.cloudinary.com/dden4hawr/image/upload/v1779991300/15_sfz534.png
/our-focus/ai-first-digital-engineering,our-focus/ai-first-digital-engineering/index.html,Accessibility,Image missing alt text: https://res.cloudinary.com/dden4hawr/image/upload/v1778616276/9_sg1ssf.png
/our-focus/ai-first-digital-engineering,our-focus/ai-first-digital-engineering/index.html,Accessibility,Image missing alt text: https://res.cloudinary.com/dden4hawr/image/upload/v1778616276/10_vklfrz.png
/our-focus/ai-first-digital-engineering,our-focus/ai-first-digital-engineering/index.html,Accessibility,Image missing alt text: https://res.cloudinary.com/dden4hawr/image/upload/v1778616276/11_ojaddh.png
/our-focus/ai-first-digital-engineering,our-focus/ai-first-digital-engineering/index.html,Accessibility,Image missing alt text: https://res.cloudinary.com/dden4hawr/image/upload/v1778615984/1_rsqe5e.png
/our-focus/ai-first-digital-engineering,our-focus/ai-first-digital-engineering/index.html,Accessibility,Image missing alt text: https://res.cloudinary.com/dden4hawr/image/upload/v1778615985/2_rqynuj.png
/our-focus/ai-first-digital-engineering,our-focus/ai-first-digital-engineering/index.html,Accessibility,Image missing alt text: https://res.cloudinary.com/dden4hawr/image/upload/v1778615983/3_gt3g7i.png
/our-focus/ai-first-digital-engineering,our-focus/ai-first-digital-engineering/index.html,Accessibility,Image missing alt text: https://res.cloudinary.com/dden4hawr/image/upload/v1777869311/Dynatrace_1_t3ayxc.png
/our-focus/ai-first-digital-engineering,our-focus/ai-first-digital-engineering/index.html,Accessibility,Image missing alt text: https://res.cloudinary.com/dden4hawr/image/upload/v1777869312/ServiceNow_1_plissc.png
/our-focus/ai-first-digital-engineering,our-focus/ai-first-digital-engineering/index.html,Accessibility,Image missing alt text: https://res.cloudinary.com/dden4hawr/image/upload/v1777869312/Boomi_1_kvrpcd.png
/our-focus/ai-first-digital-engineering,our-focus/ai-first-digital-engineering/index.html,Accessibility,Image missing alt text: https://res.cloudinary.com/dden4hawr/image/upload/v1777869311/GuideWire_logo_color_1_whi7lu.png
/our-focus/ai-first-digital-engineering,our-focus/ai-first-digital-engineering/index.html,Accessibility,Image missing alt text: https://res.cloudinary.com/dden4hawr/image/upload/v1777869312/RingCentral_1_zjcj4f.png
/our-focus/ai-first-digital-engineering,our-focus/ai-first-digital-engineering/index.html,Accessibility,Image missing alt text: https://res.cloudinary.com/dden4hawr/image/upload/v1777869312/Informatica_1_gkhjs0.png
/our-focus/ai-first-digital-engineering,our-focus/ai-first-digital-engineering/index.html,Accessibility,Image missing alt text: https://res.cloudinary.com/dden4hawr/image/upload/v1778614980/4_ywqbo9.png
/our-focus/ai-first-digital-engineering,our-focus/ai-first-digital-engineering/index.html,Accessibility,Image missing alt text: https://res.cloudinary.com/dden4hawr/image/upload/v1778614983/5_eokkdp.png
/our-focus/ai-first-digital-engineering,our-focus/ai-first-digital-engineering/index.html,Accessibility,Image missing alt text: https://res.cloudinary.com/dden4hawr/image/upload/v1778614981/6_xp1ryj.png
/our-focus/cost-and-efficiency,our-focus/cost-and-efficiency/index.html,Accessibility,Image missing alt text: https://res.cloudinary.com/dden4hawr/image/upload/v1779985981/28_qikjz7.png
/our-focus/cost-and-efficiency,our-focus/cost-and-efficiency/index.html,Accessibility,Image missing alt text: https://res.cloudinary.com/dden4hawr/image/upload/v1779986988/Icons_4_etxloa.png
/our-focus/cost-and-efficiency,our-focus/cost-and-efficiency/index.html,Accessibility,Image missing alt text: https://res.cloudinary.com/dden4hawr/image/upload/v1779985981/29_pasbwj.png
/our-focus/cost-and-efficiency,our-focus/cost-and-efficiency/index.html,Accessibility,Image missing alt text: https://res.cloudinary.com/dden4hawr/image/upload/v1779986929/15_szaicn.png
/our-focus/cost-and-efficiency,our-focus/cost-and-efficiency/index.html,Accessibility,Image missing alt text: https://res.cloudinary.com/dden4hawr/image/upload/v1779986929/14_udss8c.png
/our-focus/cost-and-efficiency,our-focus/cost-and-efficiency/index.html,Accessibility,Image missing alt text: https://res.cloudinary.com/dden4hawr/image/upload/v1779986928/13_gdwxgs.png
/our-focus/cost-and-efficiency,our-focus/cost-and-efficiency/index.html,Accessibility,Image missing alt text: https://res.cloudinary.com/dden4hawr/image/upload/v1777869311/Dynatrace_1_t3ayxc.png
/our-focus/cost-and-efficiency,our-focus/cost-and-efficiency/index.html,Accessibility,Image missing alt text: https://res.cloudinary.com/dden4hawr/image/upload/v1777869312/ServiceNow_1_plissc.png
/our-focus/cost-and-efficiency,our-focus/cost-and-efficiency/index.html,Accessibility,Image missing alt text: https://res.cloudinary.com/dden4hawr/image/upload/v1777869312/Boomi_1_kvrpcd.png
/our-focus/cost-and-efficiency,our-focus/cost-and-efficiency/index.html,Accessibility,Image missing alt text: https://res.cloudinary.com/dden4hawr/image/upload/v1777869311/GuideWire_logo_color_1_whi7lu.png
/our-focus/cost-and-efficiency,our-focus/cost-and-efficiency/index.html,Accessibility,Image missing alt text: https://res.cloudinary.com/dden4hawr/image/upload/v1777869312/RingCentral_1_zjcj4f.png
/our-focus/cost-and-efficiency,our-focus/cost-and-efficiency/index.html,Accessibility,Image missing alt text: https://res.cloudinary.com/dden4hawr/image/upload/v1777869312/Informatica_1_gkhjs0.png
/our-focus/cost-and-efficiency,our-focus/cost-and-efficiency/index.html,Accessibility,Image missing alt text: https://res.cloudinary.com/dden4hawr/image/upload/v1779344436/10_itipga.png
/our-focus/cost-and-efficiency,our-focus/cost-and-efficiency/index.html,Accessibility,Image missing alt text: https://res.cloudinary.com/dden4hawr/image/upload/v1779344432/11_sc8d1p.png
/our-focus/cost-and-efficiency,our-focus/cost-and-efficiency/index.html,Accessibility,Image missing alt text: https://res.cloudinary.com/dden4hawr/image/upload/v1779344433/12_sen1lr.png
/our-focus/digital-experience,our-focus/digital-experience/index.html,Accessibility,Image missing alt text: https://res.cloudinary.com/dden4hawr/image/upload/v1779333813/21_kfyexy.png
/our-focus/digital-experience,our-focus/digital-experience/index.html,Accessibility,Image missing alt text: https://res.cloudinary.com/dden4hawr/image/upload/v1779333814/22_bivfvo.png
/our-focus/digital-experience,our-focus/digital-experience/index.html,Accessibility,Image missing alt text: https://res.cloudinary.com/dden4hawr/image/upload/v1779333813/23_qjsf2c.png
/our-focus/digital-experience,our-focus/digital-experience/index.html,Accessibility,Image missing alt text: https://res.cloudinary.com/dden4hawr/image/upload/v1779334925/4_oskntq.png
/our-focus/digital-experience,our-focus/digital-experience/index.html,Accessibility,Image missing alt text: https://res.cloudinary.com/dden4hawr/image/upload/v1779334925/5_detght.png
/our-focus/digital-experience,our-focus/digital-experience/index.html,Accessibility,Image missing alt text: https://res.cloudinary.com/dden4hawr/image/upload/v1779334926/6_b6mwba.png
/our-focus/digital-experience,our-focus/digital-experience/index.html,Accessibility,Image missing alt text: https://res.cloudinary.com/dden4hawr/image/upload/v1777869311/Dynatrace_1_t3ayxc.png
/our-focus/digital-experience,our-focus/digital-experience/index.html,Accessibility,Image missing alt text: https://res.cloudinary.com/dden4hawr/image/upload/v1777869312/ServiceNow_1_plissc.png
/our-focus/digital-experience,our-focus/digital-experience/index.html,Accessibility,Image missing alt text: https://res.cloudinary.com/dden4hawr/image/upload/v1777869312/Boomi_1_kvrpcd.png
/our-focus/digital-experience,our-focus/digital-experience/index.html,Accessibility,Image missing alt text: https://res.cloudinary.com/dden4hawr/image/upload/v1777869311/GuideWire_logo_color_1_whi7lu.png
/our-focus/digital-experience,our-focus/digital-experience/index.html,Accessibility,Image missing alt text: https://res.cloudinary.com/dden4hawr/image/upload/v1777869312/RingCentral_1_zjcj4f.png
/our-focus/digital-experience,our-focus/digital-experience/index.html,Accessibility,Image missing alt text: https://res.cloudinary.com/dden4hawr/image/upload/v1777869312/Informatica_1_gkhjs0.png
/our-focus/digital-experience,our-focus/digital-experience/index.html,Accessibility,Image missing alt text: https://res.cloudinary.com/dden4hawr/image/upload/v1779344436/10_itipga.png
/our-focus/digital-experience,our-focus/digital-experience/index.html,Accessibility,Image missing alt text: https://res.cloudinary.com/dden4hawr/image/upload/v1779344432/11_sc8d1p.png
/our-focus/digital-experience,our-focus/digital-experience/index.html,Accessibility,Image missing alt text: https://res.cloudinary.com/dden4hawr/image/upload/v1779344433/12_sen1lr.png
/our-focus,our-focus/index.html,Accessibility,Image missing alt text: https://res.cloudinary.com/dden4hawr/image/upload/v1778616276/9_sg1ssf.png
/our-focus,our-focus/index.html,Accessibility,Image missing alt text: https://res.cloudinary.com/dden4hawr/image/upload/v1778616276/10_vklfrz.png
/our-focus,our-focus/index.html,Accessibility,Image missing alt text: https://res.cloudinary.com/dden4hawr/image/upload/v1778616276/11_ojaddh.png
/our-focus,our-focus/index.html,Accessibility,Image missing alt text: https://res.cloudinary.com/dden4hawr/image/upload/v1778615984/1_rsqe5e.png
/our-focus,our-focus/index.html,Accessibility,Image missing alt text: https://res.cloudinary.com/dden4hawr/image/upload/v1778615985/2_rqynuj.png
/our-focus,our-focus/index.html,Accessibility,Image missing alt text: https://res.cloudinary.com/dden4hawr/image/upload/v1778615983/3_gt3g7i.png
/our-focus,our-focus/index.html,Accessibility,Image missing alt text: https://res.cloudinary.com/dden4hawr/image/upload/v1777869311/Dynatrace_1_t3ayxc.png
/our-focus,our-focus/index.html,Accessibility,Image missing alt text: https://res.cloudinary.com/dden4hawr/image/upload/v1777869312/ServiceNow_1_plissc.png
/our-focus,our-focus/index.html,Accessibility,Image missing alt text: https://res.cloudinary.com/dden4hawr/image/upload/v1777869312/Boomi_1_kvrpcd.png
/our-focus,our-focus/index.html,Accessibility,Image missing alt text: https://res.cloudinary.com/dden4hawr/image/upload/v1777869311/GuideWire_logo_color_1_whi7lu.png
/our-focus,our-focus/index.html,Accessibility,Image missing alt text: https://res.cloudinary.com/dden4hawr/image/upload/v1777869312/RingCentral_1_zjcj4f.png
/our-focus,our-focus/index.html,Accessibility,Image missing alt text: https://res.cloudinary.com/dden4hawr/image/upload/v1777869312/Informatica_1_gkhjs0.png
/our-focus,our-focus/index.html,Accessibility,Image missing alt text: https://res.cloudinary.com/dden4hawr/image/upload/v1778614980/4_ywqbo9.png
/our-focus,our-focus/index.html,Accessibility,Image missing alt text: https://res.cloudinary.com/dden4hawr/image/upload/v1778614983/5_eokkdp.png
/our-focus,our-focus/index.html,Accessibility,Image missing alt text: https://res.cloudinary.com/dden4hawr/image/upload/v1778614981/6_xp1ryj.png
/our-focus/risk-and-compliance,our-focus/risk-and-compliance/index.html,Accessibility,Image missing alt text: https://res.cloudinary.com/dden4hawr/image/upload/v1779333813/21_kfyexy.png
/our-focus/risk-and-compliance,our-focus/risk-and-compliance/index.html,Accessibility,Image missing alt text: https://res.cloudinary.com/dden4hawr/image/upload/v1779333814/22_bivfvo.png
/our-focus/risk-and-compliance,our-focus/risk-and-compliance/index.html,Accessibility,Image missing alt text: https://res.cloudinary.com/dden4hawr/image/upload/v1779333813/23_qjsf2c.png
/our-focus/risk-and-compliance,our-focus/risk-and-compliance/index.html,Accessibility,Image missing alt text: https://res.cloudinary.com/dden4hawr/image/upload/v1779350173/7_otkdvq.png
/our-focus/risk-and-compliance,our-focus/risk-and-compliance/index.html,Accessibility,Image missing alt text: https://res.cloudinary.com/dden4hawr/image/upload/v1779350173/8_v5zcla.png
/our-focus/risk-and-compliance,our-focus/risk-and-compliance/index.html,Accessibility,Image missing alt text: https://res.cloudinary.com/dden4hawr/image/upload/v1779350173/9_ilktg5.png
/our-focus/risk-and-compliance,our-focus/risk-and-compliance/index.html,Accessibility,Image missing alt text: https://res.cloudinary.com/dden4hawr/image/upload/v1777869311/Dynatrace_1_t3ayxc.png
/our-focus/risk-and-compliance,our-focus/risk-and-compliance/index.html,Accessibility,Image missing alt text: https://res.cloudinary.com/dden4hawr/image/upload/v1777869312/ServiceNow_1_plissc.png
/our-focus/risk-and-compliance,our-focus/risk-and-compliance/index.html,Accessibility,Image missing alt text: https://res.cloudinary.com/dden4hawr/image/upload/v1777869312/Boomi_1_kvrpcd.png
/our-focus/risk-and-compliance,our-focus/risk-and-compliance/index.html,Accessibility,Image missing alt text: https://res.cloudinary.com/dden4hawr/image/upload/v1777869311/GuideWire_logo_color_1_whi7lu.png
/our-focus/risk-and-compliance,our-focus/risk-and-compliance/index.html,Accessibility,Image missing alt text: https://res.cloudinary.com/dden4hawr/image/upload/v1777869312/RingCentral_1_zjcj4f.png
/our-focus/risk-and-compliance,our-focus/risk-and-compliance/index.html,Accessibility,Image missing alt text: https://res.cloudinary.com/dden4hawr/image/upload/v1777869312/Informatica_1_gkhjs0.png
/our-focus/risk-and-compliance,our-focus/risk-and-compliance/index.html,Accessibility,Image missing alt text: https://res.cloudinary.com/dden4hawr/image/upload/v1779344436/10_itipga.png
/our-focus/risk-and-compliance,our-focus/risk-and-compliance/index.html,Accessibility,Image missing alt text: https://res.cloudinary.com/dden4hawr/image/upload/v1779344432/11_sc8d1p.png
/our-focus/risk-and-compliance,our-focus/risk-and-compliance/index.html,Accessibility,Image missing alt text: https://res.cloudinary.com/dden4hawr/image/upload/v1779344433/12_sen1lr.png
/partners/guidewire,partners/guidewire/index.html,Content/SEO,Multiple H1s found: 2
/partners/guidewire,partners/guidewire/index.html,Accessibility,Image missing alt text: https://res.cloudinary.com/dden4hawr/image/upload/v1780658116/65_gjtwlr.png
/partners/guidewire,partners/guidewire/index.html,Accessibility,Image missing alt text: https://res.cloudinary.com/dden4hawr/image/upload/v1780658116/66_l02jkd.png
/partners/guidewire,partners/guidewire/index.html,Accessibility,Image missing alt text: https://res.cloudinary.com/dden4hawr/image/upload/v1780658117/67_gmll0z.png
/partners/jack-henry,partners/jack-henry/index.html,Content/SEO,Multiple H1s found: 2
/partners/jack-henry,partners/jack-henry/index.html,Accessibility,Image missing alt text: https://res.cloudinary.com/dden4hawr/image/upload/v1780658116/65_gjtwlr.png
/partners/jack-henry,partners/jack-henry/index.html,Accessibility,Image missing alt text: https://res.cloudinary.com/dden4hawr/image/upload/v1780658116/66_l02jkd.png
/partners/jack-henry,partners/jack-henry/index.html,Accessibility,Image missing alt text: https://res.cloudinary.com/dden4hawr/image/upload/v1780658117/67_gmll0z.png
/partners/servicenow,partners/servicenow/index.html,Content/SEO,Multiple H1s found: 2
/partners/servicenow,partners/servicenow/index.html,Accessibility,Image missing alt text: https://res.cloudinary.com/dden4hawr/image/upload/v1780679260/68_gpii48.png
/partners/servicenow,partners/servicenow/index.html,Accessibility,Image missing alt text: https://res.cloudinary.com/dden4hawr/image/upload/v1780679260/69_bacyze.png
/partners/servicenow,partners/servicenow/index.html,Accessibility,Image missing alt text: https://res.cloudinary.com/dden4hawr/image/upload/v1780679260/70_o0oezc.png
/risk-compliance,risk-compliance.html,Accessibility,Image missing alt text: https://res.cloudinary.com/dden4hawr/image/upload/v1779333813/21_kfyexy.png
/risk-compliance,risk-compliance.html,Accessibility,Image missing alt text: https://res.cloudinary.com/dden4hawr/image/upload/v1779333814/22_bivfvo.png
/risk-compliance,risk-compliance.html,Accessibility,Image missing alt text: https://res.cloudinary.com/dden4hawr/image/upload/v1779333813/23_qjsf2c.png
/risk-compliance,risk-compliance.html,Accessibility,Image missing alt text: https://res.cloudinary.com/dden4hawr/image/upload/v1779350173/7_otkdvq.png
/risk-compliance,risk-compliance.html,Accessibility,Image missing alt text: https://res.cloudinary.com/dden4hawr/image/upload/v1779350173/8_v5zcla.png
/risk-compliance,risk-compliance.html,Accessibility,Image missing alt text: https://res.cloudinary.com/dden4hawr/image/upload/v1779350173/9_ilktg5.png
/risk-compliance,risk-compliance.html,Accessibility,Image missing alt text: https://res.cloudinary.com/dden4hawr/image/upload/v1777869311/Dynatrace_1_t3ayxc.png
/risk-compliance,risk-compliance.html,Accessibility,Image missing alt text: https://res.cloudinary.com/dden4hawr/image/upload/v1777869312/ServiceNow_1_plissc.png
/risk-compliance,risk-compliance.html,Accessibility,Image missing alt text: https://res.cloudinary.com/dden4hawr/image/upload/v1777869312/Boomi_1_kvrpcd.png
/risk-compliance,risk-compliance.html,Accessibility,Image missing alt text: https://res.cloudinary.com/dden4hawr/image/upload/v1777869311/GuideWire_logo_color_1_whi7lu.png
/risk-compliance,risk-compliance.html,Accessibility,Image missing alt text: https://res.cloudinary.com/dden4hawr/image/upload/v1777869312/RingCentral_1_zjcj4f.png
/risk-compliance,risk-compliance.html,Accessibility,Image missing alt text: https://res.cloudinary.com/dden4hawr/image/upload/v1777869312/Informatica_1_gkhjs0.png
/risk-compliance,risk-compliance.html,Accessibility,Image missing alt text: https://res.cloudinary.com/dden4hawr/image/upload/v1779344436/10_itipga.png
/risk-compliance,risk-compliance.html,Accessibility,Image missing alt text: https://res.cloudinary.com/dden4hawr/image/upload/v1779344432/11_sc8d1p.png
/risk-compliance,risk-compliance.html,Accessibility,Image missing alt text: https://res.cloudinary.com/dden4hawr/image/upload/v1779344433/12_sen1lr.png
/security-governance,security-governance.html,Accessibility,Image missing alt text: https://res.cloudinary.com/dden4hawr/image/upload/v1780032040/40_djh2cq.png
/security-governance,security-governance.html,Accessibility,Image missing alt text: https://res.cloudinary.com/dden4hawr/image/upload/v1780032040/41_sxar5k.png
/security-governance,security-governance.html,Accessibility,Image missing alt text: https://res.cloudinary.com/dden4hawr/image/upload/v1780032040/42_ysyekf.png
/security-governance,security-governance.html,Accessibility,Image missing alt text: https://plus.unsplash.com/premium_photo-1681843039768-0e22b7a031d5?q=80&w=1172&auto=format&fit=crop&
/security-governance,security-governance.html,Accessibility,Image missing alt text: https://images.unsplash.com/photo-1460925895917-afdab827c52f?q=80&w=1115&auto=format&fit=crop&ixlib=
/security-governance,security-governance.html,Accessibility,Image missing alt text: https://res.cloudinary.com/dden4hawr/image/upload/v1778646704/7_vmwgl8.png
/security-governance,security-governance.html,Accessibility,Image missing alt text: https://res.cloudinary.com/dden4hawr/image/upload/v1778646705/8_tdax9f.png
/security-governance,security-governance.html,Accessibility,Image missing alt text: https://res.cloudinary.com/dden4hawr/image/upload/v1778646698/9_kwym5i.png
/security-governance,security-governance.html,Accessibility,Image missing alt text: ${d.imgs.p1}
/security-governance,security-governance.html,Accessibility,Image missing alt text: ${d.imgs.p2}
/security-governance,security-governance.html,Accessibility,Image missing alt text: ${d.imgs.shield}
/security-governance,security-governance.html,Accessibility,Image missing alt text: ${d.imgs.dash}
/solutions/ai-upskilling,solutions/ai-upskilling/index.html,SEO,Missing meta description
/solutions/ai-upskilling,solutions/ai-upskilling/index.html,Accessibility,Image missing alt text: https://res.cloudinary.com/dden4hawr/image/upload/v1780294854/63f34698f565c005a29820ab6de35ef32cf5ac
/solutions/ai-upskilling,solutions/ai-upskilling/index.html,Accessibility,Image missing alt text: https://res.cloudinary.com/dden4hawr/image/upload/v1780295659/53_jo5x8m.png
/solutions/ai-upskilling,solutions/ai-upskilling/index.html,Accessibility,Image missing alt text: https://res.cloudinary.com/dden4hawr/image/upload/v1780295659/54_xggjcq.png
/solutions/ai-upskilling,solutions/ai-upskilling/index.html,Accessibility,Image missing alt text: https://res.cloudinary.com/dden4hawr/image/upload/v1780295659/55_gjigb4.png
/solutions/ai-upskilling,solutions/ai-upskilling/index.html,Accessibility,Image missing alt text: https://res.cloudinary.com/dden4hawr/image/upload/v1780297225/22_ioe0kc.png
/solutions/ai-upskilling,solutions/ai-upskilling/index.html,Accessibility,Image missing alt text: https://res.cloudinary.com/dden4hawr/image/upload/v1780297225/23_fpkwrt.png
/solutions/ai-upskilling,solutions/ai-upskilling/index.html,Accessibility,Image missing alt text: https://res.cloudinary.com/dden4hawr/image/upload/v1780297225/24_glizc1.png
/solutions/ai-upskilling,solutions/ai-upskilling/index.html,Accessibility,Image missing alt text: https://res.cloudinary.com/dden4hawr/image/upload/v1780298821/16_yfwmw4.png
/solutions/ai-upskilling,solutions/ai-upskilling/index.html,Accessibility,Image missing alt text: https://res.cloudinary.com/dden4hawr/image/upload/v1780298830/17_pysdef.png
/solutions/ai-upskilling,solutions/ai-upskilling/index.html,Accessibility,Image missing alt text: https://res.cloudinary.com/dden4hawr/image/upload/v1780298828/18_ju1rap.png
/solutions/gcc-and-nearshore,solutions/gcc-and-nearshore/index.html,SEO,Missing meta description
/solutions/gcc-and-nearshore,solutions/gcc-and-nearshore/index.html,Accessibility,Image missing alt text: https://res.cloudinary.com/dden4hawr/image/upload/v1780294854/63f34698f565c005a29820ab6de35ef32cf5ac
/solutions/gcc-and-nearshore,solutions/gcc-and-nearshore/index.html,Accessibility,Image missing alt text: https://res.cloudinary.com/dden4hawr/image/upload/v1780295659/53_jo5x8m.png
/solutions/gcc-and-nearshore,solutions/gcc-and-nearshore/index.html,Accessibility,Image missing alt text: https://res.cloudinary.com/dden4hawr/image/upload/v1780295659/54_xggjcq.png
/solutions/gcc-and-nearshore,solutions/gcc-and-nearshore/index.html,Accessibility,Image missing alt text: https://res.cloudinary.com/dden4hawr/image/upload/v1780295659/55_gjigb4.png
/solutions/gcc-and-nearshore,solutions/gcc-and-nearshore/index.html,Accessibility,Image missing alt text: https://res.cloudinary.com/dden4hawr/image/upload/v1780297225/22_ioe0kc.png
/solutions/gcc-and-nearshore,solutions/gcc-and-nearshore/index.html,Accessibility,Image missing alt text: https://res.cloudinary.com/dden4hawr/image/upload/v1780297225/23_fpkwrt.png
/solutions/gcc-and-nearshore,solutions/gcc-and-nearshore/index.html,Accessibility,Image missing alt text: https://res.cloudinary.com/dden4hawr/image/upload/v1780297225/24_glizc1.png
/solutions/gcc-and-nearshore,solutions/gcc-and-nearshore/index.html,Accessibility,Image missing alt text: https://res.cloudinary.com/dden4hawr/image/upload/v1780298821/16_yfwmw4.png
/solutions/gcc-and-nearshore,solutions/gcc-and-nearshore/index.html,Accessibility,Image missing alt text: https://res.cloudinary.com/dden4hawr/image/upload/v1780298830/17_pysdef.png
/solutions/gcc-and-nearshore,solutions/gcc-and-nearshore/index.html,Accessibility,Image missing alt text: https://res.cloudinary.com/dden4hawr/image/upload/v1780298828/18_ju1rap.png
/solutions,solutions/index.html,SEO,Missing meta description
/solutions,solutions/index.html,Accessibility,Image missing alt text: https://res.cloudinary.com/dden4hawr/image/upload/v1778577642/e635f926-6c6b-4155-928d-bdf0cb79d91a_y
/solutions,solutions/index.html,Accessibility,Image missing alt text: https://res.cloudinary.com/dden4hawr/image/upload/v1778579833/5_ohhyvq.png
/solutions,solutions/index.html,Accessibility,Image missing alt text: https://res.cloudinary.com/dden4hawr/image/upload/v1778579833/6_hfcvls.png
/solutions,solutions/index.html,Accessibility,Image missing alt text: https://res.cloudinary.com/dden4hawr/image/upload/v1778579832/7_qpjayv.png
/solutions,solutions/index.html,Accessibility,Image missing alt text: https://res.cloudinary.com/dden4hawr/image/upload/v1778585914/1_hkqc4o.jpg
/solutions,solutions/index.html,Accessibility,Image missing alt text: https://res.cloudinary.com/dden4hawr/image/upload/v1778585913/2_sniefj.jpg
/solutions,solutions/index.html,Accessibility,Image missing alt text: https://res.cloudinary.com/dden4hawr/image/upload/v1778585914/3_oi980a.jpg
/solutions,solutions/index.html,Accessibility,Image missing alt text: https://res.cloudinary.com/dden4hawr/image/upload/v1777869311/Dynatrace_1_t3ayxc.png
/solutions,solutions/index.html,Accessibility,Image missing alt text: https://res.cloudinary.com/dden4hawr/image/upload/v1777869312/ServiceNow_1_plissc.png
/solutions,solutions/index.html,Accessibility,Image missing alt text: https://res.cloudinary.com/dden4hawr/image/upload/v1777869312/Boomi_1_kvrpcd.png
/solutions,solutions/index.html,Accessibility,Image missing alt text: https://res.cloudinary.com/dden4hawr/image/upload/v1777869311/GuideWire_logo_color_1_whi7lu.png
/solutions,solutions/index.html,Accessibility,Image missing alt text: https://res.cloudinary.com/dden4hawr/image/upload/v1777869312/RingCentral_1_zjcj4f.png
/solutions,solutions/index.html,Accessibility,Image missing alt text: https://res.cloudinary.com/dden4hawr/image/upload/v1777869312/Informatica_1_gkhjs0.png
/solutions,solutions/index.html,Accessibility,Image missing alt text: https://res.cloudinary.com/dden4hawr/image/upload/v1778587408/1_d2ouxt.jpg
/solutions,solutions/index.html,Accessibility,Image missing alt text: https://res.cloudinary.com/dden4hawr/image/upload/v1778587414/3_lwxxsk.jpg
/solutions,solutions/index.html,Accessibility,Image missing alt text: https://res.cloudinary.com/dden4hawr/image/upload/v1778587408/2_jp1pcn.jpg
/solutions/managed-programs,solutions/managed-programs/index.html,SEO,Missing meta description
/solutions/managed-programs,solutions/managed-programs/index.html,Accessibility,Image missing alt text: https://res.cloudinary.com/dden4hawr/image/upload/v1778577642/e635f926-6c6b-4155-928d-bdf0cb79d91a_y
/solutions/managed-programs,solutions/managed-programs/index.html,Accessibility,Image missing alt text: https://res.cloudinary.com/dden4hawr/image/upload/v1778579833/5_ohhyvq.png
/solutions/managed-programs,solutions/managed-programs/index.html,Accessibility,Image missing alt text: https://res.cloudinary.com/dden4hawr/image/upload/v1778579833/6_hfcvls.png
/solutions/managed-programs,solutions/managed-programs/index.html,Accessibility,Image missing alt text: https://res.cloudinary.com/dden4hawr/image/upload/v1778579832/7_qpjayv.png
/solutions/managed-programs,solutions/managed-programs/index.html,Accessibility,Image missing alt text: https://res.cloudinary.com/dden4hawr/image/upload/v1778585914/1_hkqc4o.jpg
/solutions/managed-programs,solutions/managed-programs/index.html,Accessibility,Image missing alt text: https://res.cloudinary.com/dden4hawr/image/upload/v1778585913/2_sniefj.jpg
/solutions/managed-programs,solutions/managed-programs/index.html,Accessibility,Image missing alt text: https://res.cloudinary.com/dden4hawr/image/upload/v1778585914/3_oi980a.jpg
/solutions/managed-programs,solutions/managed-programs/index.html,Accessibility,Image missing alt text: https://res.cloudinary.com/dden4hawr/image/upload/v1777869311/Dynatrace_1_t3ayxc.png
/solutions/managed-programs,solutions/managed-programs/index.html,Accessibility,Image missing alt text: https://res.cloudinary.com/dden4hawr/image/upload/v1777869312/ServiceNow_1_plissc.png
/solutions/managed-programs,solutions/managed-programs/index.html,Accessibility,Image missing alt text: https://res.cloudinary.com/dden4hawr/image/upload/v1777869312/Boomi_1_kvrpcd.png
/solutions/managed-programs,solutions/managed-programs/index.html,Accessibility,Image missing alt text: https://res.cloudinary.com/dden4hawr/image/upload/v1777869311/GuideWire_logo_color_1_whi7lu.png
/solutions/managed-programs,solutions/managed-programs/index.html,Accessibility,Image missing alt text: https://res.cloudinary.com/dden4hawr/image/upload/v1777869312/RingCentral_1_zjcj4f.png
/solutions/managed-programs,solutions/managed-programs/index.html,Accessibility,Image missing alt text: https://res.cloudinary.com/dden4hawr/image/upload/v1777869312/Informatica_1_gkhjs0.png
/solutions/managed-programs,solutions/managed-programs/index.html,Accessibility,Image missing alt text: https://res.cloudinary.com/dden4hawr/image/upload/v1778587408/1_d2ouxt.jpg
/solutions/managed-programs,solutions/managed-programs/index.html,Accessibility,Image missing alt text: https://res.cloudinary.com/dden4hawr/image/upload/v1778587414/3_lwxxsk.jpg
/solutions/managed-programs,solutions/managed-programs/index.html,Accessibility,Image missing alt text: https://res.cloudinary.com/dden4hawr/image/upload/v1778587408/2_jp1pcn.jpg
/solutions/teams-as-a-service,solutions/teams-as-a-service/index.html,SEO,Missing meta description
/solutions/teams-as-a-service,solutions/teams-as-a-service/index.html,Accessibility,Image missing alt text: https://res.cloudinary.com/dden4hawr/image/upload/v1778577642/e635f926-6c6b-4155-928d-bdf0cb79d91a_y
/solutions/teams-as-a-service,solutions/teams-as-a-service/index.html,Accessibility,Image missing alt text: https://res.cloudinary.com/dden4hawr/image/upload/v1778579833/5_ohhyvq.png
/solutions/teams-as-a-service,solutions/teams-as-a-service/index.html,Accessibility,Image missing alt text: https://res.cloudinary.com/dden4hawr/image/upload/v1778579833/6_hfcvls.png
/solutions/teams-as-a-service,solutions/teams-as-a-service/index.html,Accessibility,Image missing alt text: https://res.cloudinary.com/dden4hawr/image/upload/v1778579832/7_qpjayv.png
/solutions/teams-as-a-service,solutions/teams-as-a-service/index.html,Accessibility,Image missing alt text: https://res.cloudinary.com/dden4hawr/image/upload/v1778585914/1_hkqc4o.jpg
/solutions/teams-as-a-service,solutions/teams-as-a-service/index.html,Accessibility,Image missing alt text: https://res.cloudinary.com/dden4hawr/image/upload/v1778585913/2_sniefj.jpg
/solutions/teams-as-a-service,solutions/teams-as-a-service/index.html,Accessibility,Image missing alt text: https://res.cloudinary.com/dden4hawr/image/upload/v1778585914/3_oi980a.jpg
/solutions/teams-as-a-service,solutions/teams-as-a-service/index.html,Accessibility,Image missing alt text: https://res.cloudinary.com/dden4hawr/image/upload/v1777869311/Dynatrace_1_t3ayxc.png
/solutions/teams-as-a-service,solutions/teams-as-a-service/index.html,Accessibility,Image missing alt text: https://res.cloudinary.com/dden4hawr/image/upload/v1777869312/ServiceNow_1_plissc.png
/solutions/teams-as-a-service,solutions/teams-as-a-service/index.html,Accessibility,Image missing alt text: https://res.cloudinary.com/dden4hawr/image/upload/v1777869312/Boomi_1_kvrpcd.png
/solutions/teams-as-a-service,solutions/teams-as-a-service/index.html,Accessibility,Image missing alt text: https://res.cloudinary.com/dden4hawr/image/upload/v1777869311/GuideWire_logo_color_1_whi7lu.png
/solutions/teams-as-a-service,solutions/teams-as-a-service/index.html,Accessibility,Image missing alt text: https://res.cloudinary.com/dden4hawr/image/upload/v1777869312/RingCentral_1_zjcj4f.png
/solutions/teams-as-a-service,solutions/teams-as-a-service/index.html,Accessibility,Image missing alt text: https://res.cloudinary.com/dden4hawr/image/upload/v1777869312/Informatica_1_gkhjs0.png
/solutions/teams-as-a-service,solutions/teams-as-a-service/index.html,Accessibility,Image missing alt text: https://res.cloudinary.com/dden4hawr/image/upload/v1778587408/1_d2ouxt.jpg
/solutions/teams-as-a-service,solutions/teams-as-a-service/index.html,Accessibility,Image missing alt text: https://res.cloudinary.com/dden4hawr/image/upload/v1778587414/3_lwxxsk.jpg
/solutions/teams-as-a-service,solutions/teams-as-a-service/index.html,Accessibility,Image missing alt text: https://res.cloudinary.com/dden4hawr/image/upload/v1778587408/2_jp1pcn.jpg
/solutions/technology-consulting,solutions/technology-consulting/index.html,SEO,Missing meta description
/solutions/technology-consulting,solutions/technology-consulting/index.html,Accessibility,Image missing alt text: https://res.cloudinary.com/dden4hawr/image/upload/v1780249695/32faa031fdabfdb3c91ca67f2e0d7823640a0e
/solutions/technology-consulting,solutions/technology-consulting/index.html,Accessibility,Image missing alt text: https://res.cloudinary.com/dden4hawr/image/upload/v1780252592/46_oddjde.png
/solutions/technology-consulting,solutions/technology-consulting/index.html,Accessibility,Image missing alt text: https://res.cloudinary.com/dden4hawr/image/upload/v1780252592/47_krjlch.png
/solutions/technology-consulting,solutions/technology-consulting/index.html,Accessibility,Image missing alt text: https://res.cloudinary.com/dden4hawr/image/upload/v1780252592/48_o4b8a6.png
/solutions/technology-consulting,solutions/technology-consulting/index.html,Accessibility,Image missing alt text: https://res.cloudinary.com/dden4hawr/image/upload/v1780251918/19_pavhjn.png
/solutions/technology-consulting,solutions/technology-consulting/index.html,Accessibility,Image missing alt text: https://res.cloudinary.com/dden4hawr/image/upload/v1780251918/20_gr354f.png
/solutions/technology-consulting,solutions/technology-consulting/index.html,Accessibility,Image missing alt text: https://res.cloudinary.com/dden4hawr/image/upload/v1780251918/21_k2om2y.png
/solutions/technology-consulting,solutions/technology-consulting/index.html,Accessibility,Image missing alt text: https://res.cloudinary.com/dden4hawr/image/upload/v1778646704/7_vmwgl8.png
/solutions/technology-consulting,solutions/technology-consulting/index.html,Accessibility,Image missing alt text: https://res.cloudinary.com/dden4hawr/image/upload/v1778646705/8_tdax9f.png
/solutions/technology-consulting,solutions/technology-consulting/index.html,Accessibility,Image missing alt text: https://res.cloudinary.com/dden4hawr/image/upload/v1778646698/9_kwym5i.png
/success-stories,success-stories/index.html,SEO,Missing meta description
/teams-as-a-service,teams-as-a-service.html,SEO,Missing meta description
/teams-as-a-service,teams-as-a-service.html,Accessibility,Image missing alt text: https://res.cloudinary.com/dden4hawr/image/upload/v1778577642/e635f926-6c6b-4155-928d-bdf0cb79d91a_y
/teams-as-a-service,teams-as-a-service.html,Accessibility,Image missing alt text: https://res.cloudinary.com/dden4hawr/image/upload/v1778579833/5_ohhyvq.png
/teams-as-a-service,teams-as-a-service.html,Accessibility,Image missing alt text: https://res.cloudinary.com/dden4hawr/image/upload/v1778579833/6_hfcvls.png
/teams-as-a-service,teams-as-a-service.html,Accessibility,Image missing alt text: https://res.cloudinary.com/dden4hawr/image/upload/v1778579832/7_qpjayv.png
/teams-as-a-service,teams-as-a-service.html,Accessibility,Image missing alt text: https://res.cloudinary.com/dden4hawr/image/upload/v1778585914/1_hkqc4o.jpg
/teams-as-a-service,teams-as-a-service.html,Accessibility,Image missing alt text: https://res.cloudinary.com/dden4hawr/image/upload/v1778585913/2_sniefj.jpg
/teams-as-a-service,teams-as-a-service.html,Accessibility,Image missing alt text: https://res.cloudinary.com/dden4hawr/image/upload/v1778585914/3_oi980a.jpg
/teams-as-a-service,teams-as-a-service.html,Accessibility,Image missing alt text: https://res.cloudinary.com/dden4hawr/image/upload/v1777869311/Dynatrace_1_t3ayxc.png
/teams-as-a-service,teams-as-a-service.html,Accessibility,Image missing alt text: https://res.cloudinary.com/dden4hawr/image/upload/v1777869312/ServiceNow_1_plissc.png
/teams-as-a-service,teams-as-a-service.html,Accessibility,Image missing alt text: https://res.cloudinary.com/dden4hawr/image/upload/v1777869312/Boomi_1_kvrpcd.png
/teams-as-a-service,teams-as-a-service.html,Accessibility,Image missing alt text: https://res.cloudinary.com/dden4hawr/image/upload/v1777869311/GuideWire_logo_color_1_whi7lu.png
/teams-as-a-service,teams-as-a-service.html,Accessibility,Image missing alt text: https://res.cloudinary.com/dden4hawr/image/upload/v1777869312/RingCentral_1_zjcj4f.png
/teams-as-a-service,teams-as-a-service.html,Accessibility,Image missing alt text: https://res.cloudinary.com/dden4hawr/image/upload/v1777869312/Informatica_1_gkhjs0.png
/teams-as-a-service,teams-as-a-service.html,Accessibility,Image missing alt text: https://res.cloudinary.com/dden4hawr/image/upload/v1778587408/1_d2ouxt.jpg
/teams-as-a-service,teams-as-a-service.html,Accessibility,Image missing alt text: https://res.cloudinary.com/dden4hawr/image/upload/v1778587414/3_lwxxsk.jpg
/teams-as-a-service,teams-as-a-service.html,Accessibility,Image missing alt text: https://res.cloudinary.com/dden4hawr/image/upload/v1778587408/2_jp1pcn.jpg
/technology-consulting,technology-consulting.html,SEO,Missing meta description
/technology-consulting,technology-consulting.html,Accessibility,Image missing alt text: https://res.cloudinary.com/dden4hawr/image/upload/v1780249695/32faa031fdabfdb3c91ca67f2e0d7823640a0e
/technology-consulting,technology-consulting.html,Accessibility,Image missing alt text: https://res.cloudinary.com/dden4hawr/image/upload/v1780252592/46_oddjde.png
/technology-consulting,technology-consulting.html,Accessibility,Image missing alt text: https://res.cloudinary.com/dden4hawr/image/upload/v1780252592/47_krjlch.png
/technology-consulting,technology-consulting.html,Accessibility,Image missing alt text: https://res.cloudinary.com/dden4hawr/image/upload/v1780252592/48_o4b8a6.png
/technology-consulting,technology-consulting.html,Accessibility,Image missing alt text: https://res.cloudinary.com/dden4hawr/image/upload/v1780251918/19_pavhjn.png
/technology-consulting,technology-consulting.html,Accessibility,Image missing alt text: https://res.cloudinary.com/dden4hawr/image/upload/v1780251918/20_gr354f.png
/technology-consulting,technology-consulting.html,Accessibility,Image missing alt text: https://res.cloudinary.com/dden4hawr/image/upload/v1780251918/21_k2om2y.png
/technology-consulting,technology-consulting.html,Accessibility,Image missing alt text: https://res.cloudinary.com/dden4hawr/image/upload/v1778646704/7_vmwgl8.png
/technology-consulting,technology-consulting.html,Accessibility,Image missing alt text: https://res.cloudinary.com/dden4hawr/image/upload/v1778646705/8_tdax9f.png
/technology-consulting,technology-consulting.html,Accessibility,Image missing alt text: https://res.cloudinary.com/dden4hawr/image/upload/v1778646698/9_kwym5i.png
/what-we-solve,what-we-solve.html,SEO,Missing meta description
