file,url,title,meta_description,canonical,h1_count,h1_text,favicon_found,og_title,og_description,og_image,has_shared_js,has_gtm,has_ga,has_hubspot,has_recaptcha
Capabilities.html,/Capabilities,Celsior | Capabilities — AI-Led Engineering,Discover Celsior,https://celsior.com/capabilities,1,Legacy systems slow you down. AI-led engineering gets you ahead.,no,Celsior | Capabilities — AI-Led Engineering,"Innovation, Engineered by Celsior. Powered by our AI-first digital engineering platform that spans the complete application lifecycle.",,yes,no,no,no,no
Our_Focus.html,/Our_Focus,Celsior | AI-First Digital Engineering,"Celsior applies AI-assisted discovery, modernization engineering, and delivery governance to convert legacy technology into measurable business velocity.",,1,"AI-First
         digital
        engineering that evolves at the speed of your business.",no,Celsior | AI-First Digital Engineering,"Celsior applies AI-assisted discovery, modernization engineering, and delivery governance to convert legacy technology into measurable business velocity.",,yes,no,no,no,no
Solutions.html,/Solutions,Celsior | Solutions — Managed Programs,,,1,Your platforms should deliver what they promised on day one. We make sure they do.,no,,,,yes,no,no,no,no
about/who-we-are/index.html,/about/who-we-are,About Celsior — Celsior,,,1,Engineering Partner for Regulated Industries.,no,,,,yes,no,no,no,no
about-leadership/index.html,/about-leadership,About Celsior — Celsior,,,1,Engineering Partner for Regulated Industries.,no,,,,yes,no,no,no,no
about.html,/about,About Celsior — Celsior,,,1,Engineering Partner for Regulated Industries.,no,,,,yes,no,no,no,no
ai-adoption.html,/ai-adoption,Celsior | AI-First Digital Engineering,"Celsior applies AI-assisted discovery, modernization engineering, and delivery governance to convert legacy technology into measurable business velocity.",,1,Deploy AI that regulators can audit and businesses can  trust,no,Celsior | AI-First Digital Engineering,"Celsior applies AI-assisted discovery, modernization engineering, and delivery governance to convert legacy technology into measurable business velocity.",,yes,no,no,no,no
ai-and-data.html,/ai-and-data,Celsior | Capabilities — AI-Led Engineering,Discover Celsior,https://celsior.com/capabilities,1,"Make decisions in hours, not weeks.",no,Celsior | Capabilities — AI-Led Engineering,"Innovation, Engineered by Celsior. Powered by our AI-first digital engineering platform that spans the complete application lifecycle.",,yes,no,no,no,no
ai-first-digital-engineering.html,/ai-first-digital-engineering,Celsior | AI-First Digital Engineering,"Celsior applies AI-assisted discovery, modernization engineering, and delivery governance to convert legacy technology into measurable business velocity.",,1,"AI-First
         digital
        engineering that evolves at the speed of your business.",no,Celsior | AI-First Digital Engineering,"Celsior applies AI-assisted discovery, modernization engineering, and delivery governance to convert legacy technology into measurable business velocity.",,yes,no,no,no,no
ai-innovation.html,/ai-innovation,AI & Innovation — Celsior,,,1,"Enterprise AI That Runs in Production, Not Just Pilots.",no,,,,yes,no,no,no,no
ai-led-engineering.html,/ai-led-engineering,Celsior | Capabilities — AI-Led Engineering,Discover Celsior,https://celsior.com/capabilities,1,Legacy systems slow you down. AI-led engineering gets you ahead.,no,Celsior | Capabilities — AI-Led Engineering,"Innovation, Engineered by Celsior. Powered by our AI-first digital engineering platform that spans the complete application lifecycle.",,yes,no,no,no,no
ai-upskilling.html,/ai-upskilling,Celsior | Solutions — Managed Programs,,,1,The return on your AI investment depends entirely on whether your workforce can act on it. Celsior ensures they can.,no,,,,yes,no,no,no,no
banking-financial-services/index.html,/banking-financial-services,Banking & Financial Services — Celsior,"Explore Celsior’s banking and financial services capabilities across modernization, AI, data, platform engineering, compliance, and enterprise delivery.",,2,"Banking & Financial Services / 20+ Institutions | Decades of data. Dozens of systems. 
Zero unified picture. We fix that.",no,Banking & Financial Services — Celsior,"Explore Celsior’s banking and financial services capabilities across modernization, AI, data, platform engineering, compliance, and enterprise delivery.",,yes,no,no,no,no
banking-financial-services.html,/banking-financial-services,Banking & Financial Services — Celsior,"Explore Celsior’s banking and financial services capabilities across modernization, AI, data, platform engineering, compliance, and enterprise delivery.",,2,"Banking & Financial Services / 20+ Institutions | Decades of data. Dozens of systems. 
Zero unified picture. We fix that.",no,Banking & Financial Services — Celsior,"Explore Celsior’s banking and financial services capabilities across modernization, AI, data, platform engineering, compliance, and enterprise delivery.",,yes,no,no,no,no
capabilities/ai-and-data/index.html,/capabilities/ai-and-data,Celsior | Capabilities — AI-Led Engineering,Discover Celsior,https://celsior.com/capabilities,1,"Make decisions in hours, not weeks.",no,Celsior | Capabilities — AI-Led Engineering,"Innovation, Engineered by Celsior. Powered by our AI-first digital engineering platform that spans the complete application lifecycle.",,yes,no,no,no,no
capabilities/ai-led-engineering/index.html,/capabilities/ai-led-engineering,Celsior | Capabilities — AI-Led Engineering,Discover Celsior,https://celsior.com/capabilities,1,Legacy systems slow you down. AI-led engineering gets you ahead.,no,Celsior | Capabilities — AI-Led Engineering,"Innovation, Engineered by Celsior. Powered by our AI-first digital engineering platform that spans the complete application lifecycle.",,yes,no,no,no,no
capabilities/cloud-and-infrastructure-engineering/index.html,/capabilities/cloud-and-infrastructure-engineering,Celsior | Capabilities — AI-Led Engineering,Discover Celsior,https://celsior.com/capabilities,1,Cut cloud costs by 35% while deploying twice as fast.,no,Celsior | Capabilities — AI-Led Engineering,"Innovation, Engineered by Celsior. Powered by our AI-first digital engineering platform that spans the complete application lifecycle.",,yes,no,no,no,no
capabilities/digital-operations-and-security/index.html,/capabilities/digital-operations-and-security,Celsior | Capabilities — AI-Led Engineering,Discover Celsior,https://celsior.com/capabilities,1,"Resolve incidents in minutes, not hours. Prevent  breaches before they happen.",no,Celsior | Capabilities — AI-Led Engineering,"Innovation, Engineered by Celsior. Powered by our AI-first digital engineering platform that spans the complete application lifecycle.",,yes,no,no,no,no
capabilities/index.html,/capabilities,Celsior | Capabilities — AI-Led Engineering,Discover Celsior,https://celsior.com/capabilities,1,Legacy systems slow you down. AI-led engineering gets you ahead.,no,Celsior | Capabilities — AI-Led Engineering,"Innovation, Engineered by Celsior. Powered by our AI-first digital engineering platform that spans the complete application lifecycle.",,yes,no,no,no,no
capabilities/security-and-governance/index.html,/capabilities/security-and-governance,Celsior | Capabilities — AI-Led Engineering,Discover Celsior,https://celsior.com/capabilities,1,Pass audits without slowing down delivery.  Deploy AI without regulatory risk.,no,Celsior | Capabilities — AI-Led Engineering,"Innovation, Engineered by Celsior. Powered by our AI-first digital engineering platform that spans the complete application lifecycle.",,yes,no,no,no,no
celsior-ai-lab/index.html,/celsior-ai-lab,Celsior | AI-First Digital Engineering,"Celsior applies AI-assisted discovery, modernization engineering, and delivery governance to convert legacy technology into measurable business velocity.",,1,"Stop funding AI programs that stop at the 
 pilot stage.",no,Celsior | AI-First Digital Engineering,"Celsior applies AI-assisted discovery, modernization engineering, and delivery governance to convert legacy technology into measurable business velocity.",,yes,no,no,no,no
celsior-ai-lab.html,/celsior-ai-lab,Celsior | AI-First Digital Engineering,"Celsior applies AI-assisted discovery, modernization engineering, and delivery governance to convert legacy technology into measurable business velocity.",,1,"Stop funding AI programs that stop at the 
 pilot stage.",no,Celsior | AI-First Digital Engineering,"Celsior applies AI-assisted discovery, modernization engineering, and delivery governance to convert legacy technology into measurable business velocity.",,yes,no,no,no,no
cloud-infrastructure-engineering.html,/cloud-infrastructure-engineering,Celsior | Capabilities — AI-Led Engineering,Discover Celsior,https://celsior.com/capabilities,1,Cut cloud costs by 35% while deploying twice as fast.,no,Celsior | Capabilities — AI-Led Engineering,"Innovation, Engineered by Celsior. Powered by our AI-first digital engineering platform that spans the complete application lifecycle.",,yes,no,no,no,no
cost-efficiency.html,/cost-efficiency,Celsior | AI-First Digital Engineering,"Celsior applies AI-assisted discovery, modernization engineering, and delivery governance to convert legacy technology into measurable business velocity.",,1,Engineering efficiency that  pays   for itself.,no,Celsior | AI-First Digital Engineering,"Celsior applies AI-assisted discovery, modernization engineering, and delivery governance to convert legacy technology into measurable business velocity.",,yes,no,no,no,no
design-lab/index.html,/design-lab,Celsior | AI-First Digital Engineering,"Celsior applies AI-assisted discovery, modernization engineering, and delivery governance to convert legacy technology into measurable business velocity.",,2,"Design Lab · CX Journey Design | Stop building products your customers 

 didn't ask for.",no,Celsior | AI-First Digital Engineering,"Celsior applies AI-assisted discovery, modernization engineering, and delivery governance to convert legacy technology into measurable business velocity.",,yes,no,no,no,no
design-lab.html,/design-lab,Celsior | AI-First Digital Engineering,"Celsior applies AI-assisted discovery, modernization engineering, and delivery governance to convert legacy technology into measurable business velocity.",,2,"Design Lab · CX Journey Design | Stop building products your customers 

 didn't ask for.",no,Celsior | AI-First Digital Engineering,"Celsior applies AI-assisted discovery, modernization engineering, and delivery governance to convert legacy technology into measurable business velocity.",,yes,no,no,no,no
digital-experience.html,/digital-experience,Celsior | AI-First Digital Engineering,"Celsior applies AI-assisted discovery, modernization engineering, and delivery governance to convert legacy technology into measurable business velocity.",,1,Experience the difference. Engineered for your customer.,no,Celsior | AI-First Digital Engineering,"Celsior applies AI-assisted discovery, modernization engineering, and delivery governance to convert legacy technology into measurable business velocity.",,yes,no,yes,no,no
digital-operations.html,/digital-operations,Celsior | Capabilities — AI-Led Engineering,Discover Celsior,https://celsior.com/capabilities,1,"Resolve incidents in minutes, not hours. Prevent  breaches before they happen.",no,Celsior | Capabilities — AI-Led Engineering,"Innovation, Engineered by Celsior. Powered by our AI-first digital engineering platform that spans the complete application lifecycle.",,yes,no,no,no,no
frameworks-accelerators/index.html,/frameworks-accelerators,Celsior | AI-First Digital Engineering,"Celsior applies AI-assisted discovery, modernization engineering, and delivery governance to convert legacy technology into measurable business velocity.",,2,Frameworks and Accelerators | SAI pilots are easy. Getting them to production  without rebuilding everything is the hard part.,no,Celsior | AI-First Digital Engineering,"Celsior applies AI-assisted discovery, modernization engineering, and delivery governance to convert legacy technology into measurable business velocity.",,yes,no,no,no,no
frameworks-accelerators.html,/frameworks-accelerators,Celsior | AI-First Digital Engineering,"Celsior applies AI-assisted discovery, modernization engineering, and delivery governance to convert legacy technology into measurable business velocity.",,2,Frameworks and Accelerators | SAI pilots are easy. Getting them to production  without rebuilding everything is the hard part.,no,Celsior | AI-First Digital Engineering,"Celsior applies AI-assisted discovery, modernization engineering, and delivery governance to convert legacy technology into measurable business velocity.",,yes,no,no,no,no
gcc-nearshore.html,/gcc-nearshore,Celsior | Solutions — Managed Programs,,,1,The engineering depth your programs need. On the time zone your teams can work with.,no,,,,yes,no,no,no,no
hire-train-deploy.html,/hire-train-deploy,Celsior | Solutions — Managed Programs,,,1,Your platforms should deliver what they promised on day one. We make sure they do.,no,,,,yes,no,no,no,no
how-we-deliver.html,/how-we-deliver,How we Deliver — Celsior,,,1,Flexible Delivery Models Built for Regulated Enterprises.,no,,,,yes,no,no,no,no
how-we-do-it.html,/how-we-do-it,How We Do It › AI/ML Engineering — Celsior,Celsior — AI/ML Engineering: From model development to production operations in regulated industries.,,1,"AI/ML Engineering 
         Built for Regulated 
         Industries.",no,,,,yes,no,no,no,no
index.html,/,Celsior — Modernize. Operate. Innovate.,Celsior — Modernize critical systems. Operationalize AI. Run with confidence.,,5,"Engineer Faster. Ship Smarter. Scale  Without
            Limits | From systems that  hold your business back,   to  AI   that moves it forward. | Banking | Insurance | Healthcare",no,,,,yes,no,no,no,no
industries.html,/industries,Industries — Celsior,,,1,Built for the Three Most Regulated Sectors in Enterprise Technology.,no,,,,yes,no,no,no,no
managed-programs.html,/managed-programs,Celsior | Solutions — Managed Programs,,,1,Your platforms should deliver what they promised on day one. We make sure they do.,no,,,,yes,no,no,no,no
our-focus/ai-adoption/index.html,/our-focus/ai-adoption,Celsior | AI-First Digital Engineering,"Celsior applies AI-assisted discovery, modernization engineering, and delivery governance to convert legacy technology into measurable business velocity.",,1,Deploy AI that regulators can audit and businesses can  trust,no,Celsior | AI-First Digital Engineering,"Celsior applies AI-assisted discovery, modernization engineering, and delivery governance to convert legacy technology into measurable business velocity.",,yes,no,no,no,no
our-focus/ai-first-digital-engineering/index.html,/our-focus/ai-first-digital-engineering,Celsior | AI-First Digital Engineering,"Celsior applies AI-assisted discovery, modernization engineering, and delivery governance to convert legacy technology into measurable business velocity.",,1,"AI-First
         digital
        engineering that evolves at the speed of your business.",no,Celsior | AI-First Digital Engineering,"Celsior applies AI-assisted discovery, modernization engineering, and delivery governance to convert legacy technology into measurable business velocity.",,yes,no,no,no,no
our-focus/cost-and-efficiency/index.html,/our-focus/cost-and-efficiency,Celsior | AI-First Digital Engineering,"Celsior applies AI-assisted discovery, modernization engineering, and delivery governance to convert legacy technology into measurable business velocity.",,1,Engineering efficiency that  pays   for itself.,no,Celsior | AI-First Digital Engineering,"Celsior applies AI-assisted discovery, modernization engineering, and delivery governance to convert legacy technology into measurable business velocity.",,yes,no,no,no,no
our-focus/digital-experience/index.html,/our-focus/digital-experience,Celsior | AI-First Digital Engineering,"Celsior applies AI-assisted discovery, modernization engineering, and delivery governance to convert legacy technology into measurable business velocity.",,1,Experience the difference. Engineered for your customer.,no,Celsior | AI-First Digital Engineering,"Celsior applies AI-assisted discovery, modernization engineering, and delivery governance to convert legacy technology into measurable business velocity.",,yes,no,yes,no,no
our-focus/index.html,/our-focus,Celsior | AI-First Digital Engineering,"Celsior applies AI-assisted discovery, modernization engineering, and delivery governance to convert legacy technology into measurable business velocity.",,1,"AI-First
         digital
        engineering that evolves at the speed of your business.",no,Celsior | AI-First Digital Engineering,"Celsior applies AI-assisted discovery, modernization engineering, and delivery governance to convert legacy technology into measurable business velocity.",,yes,no,no,no,no
our-focus/risk-and-compliance/index.html,/our-focus/risk-and-compliance,Celsior | AI-First Digital Engineering,"Celsior applies AI-assisted discovery, modernization engineering, and delivery governance to convert legacy technology into measurable business velocity.",,1,Regulated by design. Resilient by architecture.,no,Celsior | AI-First Digital Engineering,"Celsior applies AI-assisted discovery, modernization engineering, and delivery governance to convert legacy technology into measurable business velocity.",,yes,no,no,no,no
partner-ecosystem.html,/partner-ecosystem,Partner Ecosystem — Celsior,"Explore Celsior’s partner ecosystem across cloud, data, AI, platform engineering, enterprise applications, and industry technology partnerships.",,1,Your Platform Investment Performs Better  With a Certified Practice Behind It.,no,Partner Ecosystem — Celsior,"Explore Celsior’s partner ecosystem across cloud, data, AI, platform engineering, enterprise applications, and industry technology partnerships.",,yes,no,no,no,no
partners/guidewire/index.html,/partners/guidewire,Celsior | AI-First Digital Engineering,"Celsior applies AI-assisted discovery, modernization engineering, and delivery governance to convert legacy technology into measurable business velocity.",,2,GUIDEWIRE TECHNICAL PARTNER · P&C INSURANCE INTELLIGENCE | Take your Guidewire platform from implementation to competitive advantage.,no,Celsior | AI-First Digital Engineering,"Celsior applies AI-assisted discovery, modernization engineering, and delivery governance to convert legacy technology into measurable business velocity.",,yes,no,no,no,no
partners/index.html,/partners,Partner Ecosystem — Celsior,"Explore Celsior’s partner ecosystem across cloud, data, AI, platform engineering, enterprise applications, and industry technology partnerships.",,1,Your Platform Investment Performs Better  With a Certified Practice Behind It.,no,Partner Ecosystem — Celsior,"Explore Celsior’s partner ecosystem across cloud, data, AI, platform engineering, enterprise applications, and industry technology partnerships.",,yes,no,no,no,no
partners/jack-henry/index.html,/partners/jack-henry,Celsior | AI-First Digital Engineering,"Celsior applies AI-assisted discovery, modernization engineering, and delivery governance to convert legacy technology into measurable business velocity.",,2,JACK HENRY FINTECH INTEGRATION NETWORK MEMBER · BANKING INTELLIGENCE | Community and regional banks that outperform their peers run tighter operations on Jack Henry.,no,Celsior | AI-First Digital Engineering,"Celsior applies AI-assisted discovery, modernization engineering, and delivery governance to convert legacy technology into measurable business velocity.",,yes,no,no,no,no
partners/servicenow/index.html,/partners/servicenow,Celsior | AI-First Digital Engineering,"Celsior applies AI-assisted discovery, modernization engineering, and delivery governance to convert legacy technology into measurable business velocity.",,2,ServiceNow Implementation Partner • BFSI Intelligence | Structured Service Operations for  Regulated Industries. On ServiceNow.,no,Celsior | AI-First Digital Engineering,"Celsior applies AI-assisted discovery, modernization engineering, and delivery governance to convert legacy technology into measurable business velocity.",,yes,no,no,no,no
risk-compliance.html,/risk-compliance,Celsior | AI-First Digital Engineering,"Celsior applies AI-assisted discovery, modernization engineering, and delivery governance to convert legacy technology into measurable business velocity.",,1,Regulated by design. Resilient by architecture.,no,Celsior | AI-First Digital Engineering,"Celsior applies AI-assisted discovery, modernization engineering, and delivery governance to convert legacy technology into measurable business velocity.",,yes,no,no,no,no
security-governance.html,/security-governance,Celsior | Capabilities — AI-Led Engineering,Discover Celsior,https://celsior.com/capabilities,1,Pass audits without slowing down delivery.  Deploy AI without regulatory risk.,no,Celsior | Capabilities — AI-Led Engineering,"Innovation, Engineered by Celsior. Powered by our AI-first digital engineering platform that spans the complete application lifecycle.",,yes,no,no,no,no
solutions/ai-upskilling/index.html,/solutions/ai-upskilling,Celsior | Solutions — Managed Programs,,,1,The return on your AI investment depends entirely on whether your workforce can act on it. Celsior ensures they can.,no,,,,yes,no,no,no,no
solutions/gcc-and-nearshore/index.html,/solutions/gcc-and-nearshore,Celsior | Solutions — Managed Programs,,,1,The engineering depth your programs need. On the time zone your teams can work with.,no,,,,yes,no,no,no,no
solutions/index.html,/solutions,Celsior | Solutions — Managed Programs,,,1,Your platforms should deliver what they promised on day one. We make sure they do.,no,,,,yes,no,no,no,no
solutions/managed-programs/index.html,/solutions/managed-programs,Celsior | Solutions — Managed Programs,,,1,Your platforms should deliver what they promised on day one. We make sure they do.,no,,,,yes,no,no,no,no
solutions/teams-as-a-service/index.html,/solutions/teams-as-a-service,Celsior | Solutions — Managed Programs,,,1,Your platforms should deliver what they promised on day one. We make sure they do.,no,,,,yes,no,no,no,no
solutions/technology-consulting/index.html,/solutions/technology-consulting,Celsior | Solutions — Managed Programs,,,1,Technology architecture thatconverts risk into revenue.,no,,,,yes,no,no,no,no
success-stories/index.html,/success-stories,About Celsior — Celsior,,,1,Engineering Partner for Regulated Industries.,no,,,,yes,no,no,no,no
teams-as-a-service.html,/teams-as-a-service,Celsior | Solutions — Managed Programs,,,1,Your platforms should deliver what they promised on day one. We make sure they do.,no,,,,yes,no,no,no,no
technology-consulting.html,/technology-consulting,Celsior | Solutions — Managed Programs,,,1,Technology architecture thatconverts risk into revenue.,no,,,,yes,no,no,no,no
what-we-solve.html,/what-we-solve,AI Readiness — What We Solve | Celsior,,,1,"AI Ambition. 
         Zero Readiness 
         Gap.",no,,,,yes,no,no,no,no
