Label,Current href,Needs Review
Talk to an Expert,#contact,
Explore the AI-First Digital Engineering Platform,#capabilities,
→ Go to Business Challenges,#,Yes
→ Go to Technology Capabilities,#,Yes
→ Go to Platforms & Ecosystem,#,Yes
→ Go to Delivery Models,#,Yes
Learn More,#contact,
Learn More,#contact,
Learn More,#contact,
Learn More,#contact,
Learn More,#contact,
Get Started,#contact,
AI Lab P i l o t s &amp; c o p i l o t s,#,Yes
CoEs S e r v i c e N o w / G u i d e w i r e / C l o u d,#,Yes
Accelerators P r e - b u i l t u s e c a s e s,#,Yes
(image/icon/no visible text),#,Yes
(image/icon/no visible text),#,Yes
(image/icon/no visible text),#,Yes
All case studies →,#,Yes
Read →,#,Yes
Read →,#,Yes
Read →,#,Yes
Start the conversation,#contact,
